ITS_DEVICE_ID,ITS_DEVICE_TYPE,RECORD_DATE,ITS_DEVICE_STATUS,LOCATION_DESC,ITS_DEVICE_NUMBER,ITS_DEVICE_OWNER,CAMERA_VIEW,EDIT_REASON,PUBLISHED_VIEW,POLE_LOCATION,LOCATION_OF_CAMERA
626,TRAFFICCAM,2016-02-25 00:00:00,IN USE,Brighton and 31st,538,PWTES,PTZ,2,,SE Corner,Brighton and 31st
627,TRAFFICCAM,2016-02-28 00:00:00,IN USE,Brighton and 44th,539,PWTES,PTZ,2,,NW Corner,Brighton and 44th
628,TRAFFICCAM,2016-03-13 00:00:00,IN USE,Colfax and Wolff,540,PWTES,PTZ,2,,SE Corner,Colfax and Wolff
146,Traffic camera,2012-01-09 00:00:00,"Accepted, in service",15th and Welton,321,CCD Traffic Engineering,PTZ,0,FALSE,NE Corner,15THWELTON
147,Traffic camera,2012-01-09 00:00:00,"Accepted, in service",15th and Larimer,325,CCD Traffic Engineering,PTZ,0,FALSE,NW Corner,
148,Traffic camera,2012-01-09 00:00:00,"Accepted, in service",15th and Champa,327,CCD Traffic Engineering,PTZ,0,FALSE,NW Corner,15THCHAMPA
149,Traffic camera,2012-01-09 00:00:00,"Accepted, in service",14th and Broadway,336,CCD Traffic Engineering,PTZ,0,FALSE,SE Corner,
150,Traffic camera,2012-01-09 00:00:00,"Accepted, in service",14th and Bannock,337,CCD Traffic Engineering,PTZ,0,FALSE,NE Corner,
151,Traffic camera,2012-01-09 00:00:00,"Accepted, in service",14th and Stout,328,CCD Traffic Engineering,PTZ,0,FALSE,SE Corner,
152,Traffic camera,2012-01-09 00:00:00,"Accepted, in service",14th and Logan,330,CCD Traffic Engineering,PTZ,0,FALSE,NW Corner,
153,Traffic camera,2012-01-09 00:00:00,"Accepted, in service",14th and Kalamath,,CCD Traffic Engineering,PTZ,0,FALSE,NW Corner,
154,Traffic camera,2012-01-09 00:00:00,"Accepted, in service",14th and Court,333,CCD Traffic Engineering,PTZ,0,FALSE,NE Corner,
155,Traffic camera,2012-01-09 00:00:00,"Accepted, in service",14th and Cherokee,335,CCD Traffic Engineering,PTZ,0,FALSE,SW Corner,
156,Traffic camera,2012-01-09 00:00:00,"Accepted, in service",14th and Arapahoe,338,CCD Traffic Engineering,PTZ,0,TRUE,SW Corner,ARAP14TH
157,Traffic camera,2012-01-09 00:00:00,"Accepted, in service",13th and Lincoln,341,CCD Traffic Engineering,PTZ,0,FALSE,SE Corner,
158,Traffic camera,2012-01-09 00:00:00,"Accepted, in service",13th and Grant,343,CCD Traffic Engineering,PTZ,0,FALSE,SE Corner,
159,Traffic camera,2012-01-09 00:00:00,"Accepted, in service",10th and Lincoln,347,CCD Traffic Engineering,PTZ,0,FALSE,SW Corner,
160,Traffic camera,2012-01-09 00:00:00,"Accepted, in service",9th and Auraria,348,CCD Traffic Engineering,PTZ,0,FALSE,NW Corner,
161,Traffic camera,2012-01-09 00:00:00,"Accepted, in service",8th and Zuni,349,CCD Traffic Engineering,PTZ,0,FALSE,SW Corner,
162,Traffic camera,2012-01-09 00:00:00,"Accepted, in service",8th and Kalamath,351,CCD Traffic Engineering,PTZ,0,FALSE,SE Corner,
163,Traffic camera,2012-01-09 00:00:00,"Accepted, in service",7th and Auraria Pkwy,353,CCD Traffic Engineering,PTZ,0,TRUE,NE Corner,AURA07TH
164,Traffic camera,2012-01-09 00:00:00,"Accepted, in service","5th and Walnut
5th and Walnut
5th and Walnut",357,CCD Traffic Engineering,PTZ,0,FALSE,SE Corner,
165,Traffic camera,2012-01-09 00:00:00,"Accepted, in service",3rd and Josephine,359,CCD Traffic Engineering,PTZ,0,FALSE,SE Corner,
166,Traffic camera,2012-01-09 00:00:00,"Accepted, in service",1st and University,360,CCD Traffic Engineering,PTZ,0,FALSE,SE Corner,
167,Traffic camera,2012-01-09 00:00:00,"Accepted, in service",1st and Steele,361,CCD Traffic Engineering,PTZ,0,FALSE,NE Corner,
168,Traffic camera,2012-01-09 00:00:00,"Accepted, in service",Auraria Overpass Ramp Gore Point,245,CCD Traffic Engineering,PTZ,0,FALSE,NE Corner,
169,Traffic camera,2012-01-09 00:00:00,"Accepted, in service",Colfax and I-25,214,CCD Traffic Engineering,PTZ,0,FALSE,NW Corner,
170,Traffic camera,2012-01-09 00:00:00,"Accepted, in service",I-25 and Alameda E,380,CCD Traffic Engineering,PTZ,0,TRUE,NE Corner,ALAMKALA
171,Traffic camera,2012-01-09 00:00:00,"Accepted, in service",I-25 and Speer,,CCD Traffic Engineering,PTZ,0,FALSE,SW Corner,
172,Traffic camera,2012-01-09 00:00:00,"Accepted, in service",I-270 and Quebec,157,CCD Traffic Engineering,PTZ,0,FALSE,NE Corner,I270QUEB
173,Traffic camera,2012-01-09 00:00:00,"Accepted, in service",Florida and Santa Fe,109,CCD Traffic Engineering,PTZ,0,FALSE,NE Corner,
174,Traffic camera,2012-01-09 00:00:00,"Accepted, in service",Federal and Mississippi,169,CCD Traffic Engineering,PTZ,0,FALSE,SW Corner,
175,Traffic camera,2012-01-09 00:00:00,"Accepted, in service",23rd and Federal,182,CCD Traffic Engineering,PTZ,0,FALSE,SW Corner,
176,Traffic camera,2012-01-09 00:00:00,"Accepted, in service",Downing and MLK and Champa,188,CCD Traffic Engineering,PTZ,0,FALSE,SW Corner,
177,Traffic camera,2012-01-09 00:00:00,"Accepted, in service",Chambers GVR,152,CCD Traffic Engineering,PTZ,0,TRUE,SE Corner of WB Off Ramp,I-70CHAM
178,Traffic camera,2012-01-09 00:00:00,"Accepted, in service",I-70 and Brighton Blvd,155,CCD Traffic Engineering,PTZ,0,TRUE,SE Corner of EB Off Ramp,I-70BRIG
179,Traffic camera,2012-01-09 00:00:00,"Accepted, in service",I-70 (Stapleton Dr S) and Dahlia,150,CCD Traffic Engineering,PTZ,0,FALSE,SE Corner,
180,Traffic camera,2012-01-09 00:00:00,"Accepted, in service",I-70 and Federal,149,CCD Traffic Engineering,PTZ,0,FALSE,NE Corner,
181,Traffic camera,2012-01-09 00:00:00,"Accepted, in service",I-70 and Havana,148,CCD Traffic Engineering,PTZ,0,FALSE,SE Corner,
182,Traffic camera,2012-01-09 00:00:00,"Accepted, in service",I-70 and Holly (Stapleton Dr S),147,CCD Traffic Engineering,PTZ,0,FALSE,SE Corner,
592,Traffic camera,2014-12-08 00:00:00,"Accepted, in service",Downing and Welton,187,CCD Traffic Engineering,PTZ,2,,,
594,Traffic camera,2014-12-08 00:00:00,"Accepted, in service",I-25 and Speer,158,CCD Traffic Engineering,PTZ,2,,,
595,Traffic camera,2014-12-08 00:00:00,"Accepted, in service",12th St and Tremont Pl and Fox St and Colfax Ave,131,CCD Traffic Engineering,PTZ,2,,,
597,Traffic camera,2013-01-01 00:00:00,"Accepted, in service",15th and Stout,415,CCD Traffic Engineering,PTZ,2,,,
598,Traffic camera,2014-01-01 00:00:00,"Accepted, in service",Northfield and Dallas,508,CCD Traffic Engineering,PTZ,2,,,
599,Traffic camera,2014-01-01 00:00:00,"Accepted, in service",4th and Josephine,509,CCD Traffic Engineering,PTZ,2,,,
600,Traffic camera,2014-01-01 00:00:00,"Accepted, in service",Florida and Zuni,510,CCD Traffic Engineering,PTZ,2,,,
601,Traffic camera,2014-01-01 00:00:00,"Accepted, in service",13th and Arapahoe/Champa,511,CCD Traffic Engineering,PTZ,2,,,
603,Traffic camera,2015-01-20 00:00:00,"Accepted, in service",12th and Bannock,513,CCD Traffic Engineering,PTZ,2,,,Bannock and 12th
604,Traffic camera,2015-03-13 00:00:00,"Accepted, in service",11th and Yosemite,515,CCD Traffic Engineering,PTZ,2,,,Yosemite and 11th
605,Traffic camera,2015-03-20 00:00:00,"Accepted, in service",14th and Yosemite,516,CCD Traffic Engineering,PTZ,2,,,Yosemite and 14th
606,Traffic camera,2015-04-06 00:00:00,"Accepted, in service",Broadway and Virginia ,517,CCD Traffic Engineering,PTZ,2,,,Broadway and Virginia
607,Traffic camera,2015-04-08 00:00:00,"Accepted, in service",Franklin and MLK,518,CCD Traffic Engineering,PTZ,2,,,Franklin and MLK
608,Traffic camera,2015-04-22 00:00:00,"Accepted, in service",Federal and Amherst,519,CCD Traffic Engineering,PTZ,2,,,Amherst and Federal
609,Traffic camera,2015-04-23 00:00:00,"Accepted, in service",Alameda and Santa Fe,520,CCD Traffic Engineering,PTZ,2,,,Alameda and Santa Fe
610,Traffic camera,2015-04-24 00:00:00,"Accepted, in service",I-25 and Kalamath ,521,CCD Traffic Engineering,PTZ,2,,,I-25 and Kalamath
611,Traffic camera,2015-06-01 00:00:00,"Accepted, in service",67th and Tower,522,CCD Traffic Engineering,PTZ,2,,,Tower and 67th
612,Traffic camera,2015-06-09 00:00:00,"Accepted, in service",17th and Garfield,523,CCD Traffic Engineering,PTZ,2,,,Garfield and 17th
613,Traffic camera,2015-07-27 00:00:00,"Accepted, in service",7th and Grant,524,CCD Traffic Engineering,PTZ,2,,,Grant and 7th
614,Traffic camera,2015-07-27 00:00:00,"Accepted, in service",Central Park and Northfield ,525,CCD Traffic Engineering,PTZ,2,,,CPB and Northfield
615,Traffic camera,2015-07-27 00:00:00,"Accepted, in service",Central Park and 56th,526,CCD Traffic Engineering,PTZ,2,,,CPB and 56th
616,Traffic camera,2015-10-15 00:00:00,"Accepted, in service",40th and Jackson,528,CCD Traffic Engineering,PTZ,2,,,Jackson and 40th
617,Traffic camera,2014-08-01 00:00:00,"Accepted, in service",I-25/Evans Pedestrian Bridge,527,CCD Traffic Engineering,PTZ,2,,,I-25 and Evans Pedestrian Bridge
618,Traffic camera,2015-11-20 00:00:00,"Accepted, in service",Vasquez and 52nd,529,CCD Traffic Engineering,PTZ,2,,,Vasquez and 52nd
602,Traffic camera,2014-01-01 00:00:00,"Accepted, in service",Mansfield and Tamarac,513,CCD Traffic Engineering,PTZ,2,,,Mansfield and Tamarac
619,Traffic camera,2215-12-02 00:00:00,"Accepted, in service",Smith and Ulster,530,CCD Traffic Engineering,PTZ,2,,,Smith and Ulster
51,DACS,2012-01-09 00:00:00,"Accepted, in service",I-225 and Tamarac N,119,CCD Traffic Engineering,Fixed,0,,487' North of Ramp,
52,DACS,2012-01-09 00:00:00,"Accepted, in service",I-225 and Tamarac S,118,CCD Traffic Engineering,Fixed,0,,496' South of Ramp,
53,DACS,2012-01-09 00:00:00,"Accepted, in service",Yosemite and I-225 North Ramp,106,CCD Traffic Engineering,Fixed,0,,1170' North of north ramp,
54,DACS,2012-01-09 00:00:00,"Accepted, in service",Yosemite and I-225 South Ramp,107,CCD Traffic Engineering,Fixed,0,,913' South of ramp,
57,DACS,2012-01-09 00:00:00,"Accepted, in service",Sheridan and Jewell,63,CCD Traffic Engineering,Fixed,0,,Stop Bar Cameras,
58,DACS,2012-01-09 00:00:00,"Accepted, in service",Speer and Larimer,73,CCD Traffic Engineering,Fixed,0,,At Intersection,
59,DACS,2012-01-09 00:00:00,"Accepted, in service",Leetsdale and Quebec,56,CCD Traffic Engineering,Fixed,0,,Stop Bar Cameras,
60,DACS,2012-01-09 00:00:00,"Accepted, in service",13th and Lincoln,91,CCD Traffic Engineering,Fixed,0,,At Intersection,
61,DACS,2012-01-09 00:00:00,"Accepted, in service",18th and Lincoln,92,CCD Traffic Engineering,Fixed,0,,At Intersection,
62,DACS,2012-01-09 00:00:00,"Accepted, in service",Lincoln and Walsh,102,CCD Traffic Engineering,Fixed,0,,NB at  Walsh PL,
63,DACS,2012-01-09 00:00:00,"Accepted, in service",20th and Market,43,CCD Traffic Engineering,Fixed,0,,At Intersection,
64,DACS,2012-01-09 00:00:00,"Accepted, in service",Mississippi and South Platte River Dr,97,CCD Traffic Engineering,Fixed,0,,620' West of South Plattte River Dr.,
65,DACS,2012-01-09 00:00:00,"Accepted, in service",Mississippi and Santa Fe,98,CCD Traffic Engineering,Fixed,0,,1200' East of Santa FE,
67,DACS,2012-01-09 00:00:00,"Accepted, in service",56th and Quebec,52,CCD Traffic Engineering,Fixed,0,,Stop Bar Cameras,
68,DACS,2012-01-09 00:00:00,"Accepted, in service",Quincy and Sheridan,58,CCD Traffic Engineering,Fixed,0,,Stop Bar Cameras,
69,DACS,2012-01-09 00:00:00,"Accepted, in service",48th (GVR) and Tower,76,CCD Traffic Engineering,Fixed,0,,Stop Bar Cameras,
70,DACS,2012-01-09 00:00:00,"Accepted, in service",Alameda and Broadway,99,CCD Traffic Engineering,Fixed,0,,810' North of Alameda/600' West of Broadway,
71,DACS,2012-01-09 00:00:00,"Accepted, in service",Alameda and Cherokee,2,CCD Traffic Engineering,Fixed,0,,Stop Bar Cameras,
72,DACS,2012-01-09 00:00:00,"Accepted, in service",Colorado and Alameda,111,CCD Traffic Engineering,Fixed,0,,835' North of Alameda/860' South of Alameda (@ Target Entrance)/800' West of Colorado/990' East of Colorado (@ Leetsdale),
73,DACS,2012-01-09 00:00:00,"Accepted, in service",Kalamath and Alameda,95,CCD Traffic Engineering,Fixed,0,,640' North of Alameda,
74,DACS,2012-01-09 00:00:00,"Accepted, in service",53rd and Quebec,51,CCD Traffic Engineering,Fixed,0,,Stop Bar Cameras,
75,DACS,2012-01-09 00:00:00,"Accepted, in service",Alameda and Lincoln,100,CCD Traffic Engineering,Fixed,0,,770' South of Alameda/745' East of Lincoln,
77,DACS,2012-01-09 00:00:00,"Accepted, in service",Santa Fe and Alameda,94,CCD Traffic Engineering,Fixed,0,,78' south of Alameda/1080' East of Santa Fe,
78,DACS,2012-01-09 00:00:00,"Accepted, in service",University and Alameda,3,CCD Traffic Engineering,Fixed,0,,Stop Bar Cameras,
81,DACS,2012-01-09 00:00:00,"Accepted, in service",9th and Auraria,4,CCD Traffic Engineering,Fixed,0,,Stop Bar Cameras,
82,DACS,2012-01-09 00:00:00,"Accepted, in service",Speer and Auraria,70,CCD Traffic Engineering,Fixed,0,,At Intersection,
83,DACS,2012-01-09 00:00:00,"Accepted, in service",11th and Broadway,89,CCD Traffic Engineering,Fixed,0,,At Intersection,
86,DACS,2012-01-09 00:00:00,"Accepted, in service",Broadway and Evans,5,CCD Traffic Engineering,Fixed,0,,Stop Bar Cameras,
88,DACS,2012-01-09 00:00:00,"Accepted, in service",Broadway and Kentucky,7,CCD Traffic Engineering,Fixed,0,,Stop Bar Cameras,
90,DACS,2012-01-09 00:00:00,"Accepted, in service",I-25 and Franklin/Buchtel,9,CCD Traffic Engineering,Fixed,0,,Stop Bar Cameras,
91,DACS,2012-01-09 00:00:00,"Accepted, in service",University and Buchtel,81,CCD Traffic Engineering,Fixed,0,,Stop Bar Cameras,
92,DACS,2012-01-09 00:00:00,"Accepted, in service",Colorado and Cherry Creek North,112,CCD Traffic Engineering,Fixed,0,,1110' North of Cherry Creek N.,
94,DACS,2012-01-09 00:00:00,"Accepted, in service",Colorado and Cherry Creek South,113,CCD Traffic Engineering,Fixed,0,,730' South of Cherry Creek S./710' West of Colorado,
95,DACS,2012-01-09 00:00:00,"Accepted, in service",Colfax and Colorado,110,CCD Traffic Engineering,Fixed,0,,1010' North of Colfax/550' South of Colfax,
96,DACS,2012-01-09 00:00:00,"Accepted, in service",Colfax and Josephine,13,CCD Traffic Engineering,Fixed,0,,Stop Bar Cameras,
97,DACS,2012-01-09 00:00:00,"Accepted, in service",Colfax and Lincoln,93,CCD Traffic Engineering,Fixed,0,,At Intersection,
98,DACS,2012-01-09 00:00:00,"Accepted, in service",Speer and Colfax,71,CCD Traffic Engineering,Fixed,0,,At Intersection,
99,DACS,2012-01-09 00:00:00,"Accepted, in service",Colfax and York,14,CCD Traffic Engineering,Fixed,0,,Stop Bar Cameras,
100,DACS,2012-01-09 00:00:00,"Accepted, in service","Colorado and 40th
Colorado and 40th",15,CCD Traffic Engineering,Fixed,0,,Stop Bar Cameras,
620,Traffic camera,2015-12-09 00:00:00,"Accepted, in service",Chambers and 56th,531,CCD Traffic Engineering,PTZ,2,,,Chambers and 56th
55,DACS,2012-01-09 00:00:00,"Accepted, in service",Yale and I-25 W,87,CCD Traffic Engineering,Fixed,0,,Stop Bar Cameras,
423,Traffic camera,2014-12-08 00:00:00,"Accepted, in service",Colfax and Elliot,223,CCD Traffic Engineering,PTZ,2,,,
429,Traffic camera,2014-12-08 00:00:00,"Accepted, in service",University and Yale,084,CCD Traffic Engineering,PTZ,2,,,
452,Traffic camera,2014-12-08 00:00:00,"Accepted, in service",Alameda and Washington,070,CCD Traffic Engineering,PTZ,2,,,
458,Traffic camera,2014-12-08 00:00:00,"Accepted, in service",Alameda and Stuart,071,CCD Traffic Engineering,PTZ,2,,,
459,Traffic camera,2014-12-08 00:00:00,"Accepted, in service",Alameda and Zuni,069,CCD Traffic Engineering,PTZ,2,,,
462,Traffic camera,2014-12-08 00:00:00,"Accepted, in service",Monaco and MLK,059,CCD Traffic Engineering,PTZ,2,,,
463,Traffic camera,2014-12-08 00:00:00,"Accepted, in service",6th and Monaco,058,CCD Traffic Engineering,PTZ,2,,,
465,Traffic camera,2012-01-01 00:00:00,"Accepted, in service",I-25 and Yale W ,072,CCD Traffic Engineering,PTZ,2,,,
487,Traffic camera,2014-12-08 00:00:00,"Accepted, in service",47th and Peoria,051,CCD Traffic Engineering,PTZ,2,,,
491,Traffic camera,2014-12-08 00:00:00,"Accepted, in service",56th and Peoria,022,CCD Traffic Engineering,PTZ,2,,,
494,Traffic camera,2014-12-08 00:00:00,"Accepted, in service",MLK and York,007,CCD Traffic Engineering,PTZ,2,,,
495,Traffic camera,2014-12-08 00:00:00,"Accepted, in service",Sheridan and Quincy,018,CCD Traffic Engineering,PTZ,2,,,
599,Traffic camera,2013-01-01 00:00:00,"Accepted, in service",Sheridan and Kentucky,411,CCD Traffic Engineering,PTZ,2,,,
511,Traffic camera,2014-12-08 00:00:00,"Accepted, in service",Yosemite and Union,001,CCD Traffic Engineering,PTZ,2,,,
521,Traffic camera,2014-12-08 00:00:00,"Accepted, in service",Yosemite and Mansfield ,002,CCD Traffic Engineering,PTZ,2,,,
529,Traffic camera,2013-01-01 00:00:00,"Accepted, in service",GVR and Chambers,049,CCD Traffic Engineering,PTZ,2,,,
533,Traffic camera,2013-01-01 00:00:00,"Accepted, in service",40th and York,006,CCD Traffic Engineering,PTZ,2,,,
561,Traffic camera,2014-01-01 00:00:00,"Accepted, in service",Quebec and Quincy,020,CCD Traffic Engineering,PTZ,2,,,
562,Traffic camera,2014-01-01 00:00:00,"Accepted, in service",Univsersity and Louisiana,028,CCD Traffic Engineering,PTZ,2,,,
101,DACS,2012-01-09 00:00:00,"Accepted, in service",Colorado and Evans,17,CCD Traffic Engineering,Fixed,0,,Stop Bar Cameras,
102,DACS,2012-01-09 00:00:00,"Accepted, in service",Hampden and Colorado,18,CCD Traffic Engineering,Fixed,0,,Stop Bar Cameras,
103,DACS,2012-01-09 00:00:00,"Accepted, in service",I-25 N and Colorado,21,CCD Traffic Engineering,Fixed,0,,Stop Bar Cameras,
105,DACS,2012-01-09 00:00:00,"Accepted, in service",Speer and Elitch,72,CCD Traffic Engineering,Fixed,0,,At Intersection,
106,DACS,2012-01-09 00:00:00,"Accepted, in service",Birch St and Cherry Creek S,11,CCD Traffic Engineering,Fixed,0,,Stop Bar Cameras,
108,DACS,2012-01-09 00:00:00,"Accepted, in service",Sheridan and 44th,61,CCD Traffic Engineering,Fixed,0,,Stop Bar Cameras,
109,DACS,2012-01-09 00:00:00,"Accepted, in service",6th and Speer,66,CCD Traffic Engineering,Fixed,0,,At Intersection,
110,DACS,2012-01-09 00:00:00,"Accepted, in service",8th and Speer,67,CCD Traffic Engineering,Fixed,0,,At Intersection,
111,DACS,2012-01-09 00:00:00,"Accepted, in service",13th and  Speer,69,CCD Traffic Engineering,Fixed,0,,At Intersection,
112,DACS,2012-01-09 00:00:00,"Accepted, in service",Speer and Zuni,74,CCD Traffic Engineering,Fixed,0,,At Intersection,
113,DACS,2012-01-09 00:00:00,"Accepted, in service",1st and University,104,CCD Traffic Engineering,Fixed,0,,880' West of University/800' East of University (@ Clayton)/690' South of 1st Ave. (@ cherry creek north)/500' North of 1st Ave. (@3rd ave.),
116,Traffic camera,2012-01-09 00:00:00,"Accepted, in service",Broadway and Colfax,228,CCD Traffic Engineering,PTZ,0,TRUE,SW Corner,BROACOLF
117,Traffic camera,2012-01-09 00:00:00,"Accepted, in service",7th/Osage and Colfax,230,CCD Traffic Engineering,PTZ,0,FALSE,NW Corner,
118,Traffic camera,2012-01-09 00:00:00,"Accepted, in service",19th/Welton and Broadway,234,CCD Traffic Engineering,PTZ,0,FALSE,NW Corner,
119,Traffic camera,2012-01-09 00:00:00,"Accepted, in service",Broadway and Evans,239,CCD Traffic Engineering,PTZ,0,FALSE,NE Corner,
120,Traffic camera,2012-01-09 00:00:00,"Accepted, in service",Broadway and Blake,241,CCD Traffic Engineering,PTZ,0,FALSE,SW Corner,
121,Traffic camera,2012-01-09 00:00:00,"Accepted, in service",Alameda and Broadway,242,CCD Traffic Engineering,PTZ,0,FALSE,NE Corner,
122,Traffic camera,2012-01-09 00:00:00,"Accepted, in service",8th and Broadway,243,CCD Traffic Engineering,PTZ,0,FALSE,SW Corner,
123,Traffic camera,2012-01-09 00:00:00,"Accepted, in service",Alameda and Sheridan,248,CCD Traffic Engineering,PTZ,0,FALSE,SW Corner,
124,Traffic camera,2012-01-09 00:00:00,"Accepted, in service",56th and Tower,256,CCD Traffic Engineering,PTZ,0,TRUE,SW Corner,TOWE56TH
125,Traffic camera,2012-01-09 00:00:00,"Accepted, in service",56th and Pena,257,CCD Traffic Engineering,PTZ,0,FALSE,SW Corner,
126,Traffic camera,2012-01-09 00:00:00,"Accepted, in service",48th (GVR) and Tower,261,CCD Traffic Engineering,PTZ,0,FALSE,SW Corner,
127,Traffic camera,2012-01-09 00:00:00,"Accepted, in service",47th and Havana,264,CCD Traffic Engineering,PTZ,0,FALSE,NE Corner,
128,Traffic camera,2012-01-09 00:00:00,"Accepted, in service",46th and Brighton,156,CCD Traffic Engineering,PTZ,0,FALSE,NW Corner,
129,Traffic camera,2012-01-09 00:00:00,"Accepted, in service",22nd and Broadway/Curtis,280,CCD Traffic Engineering,PTZ,0,FALSE,SW Corner,
130,Traffic camera,2012-01-09 00:00:00,"Accepted, in service",22nd and Blake,281,CCD Traffic Engineering,PTZ,0,FALSE,SW Corner,22NDBLAKE
131,Traffic camera,2012-01-09 00:00:00,"Accepted, in service",20th and Welton,282,CCD Traffic Engineering,PTZ,0,FALSE,SE Corner,
132,Traffic camera,2012-01-09 00:00:00,"Accepted, in service",20th and Market,283,CCD Traffic Engineering,PTZ,0,FALSE,NE Corner,
133,Traffic camera,2012-01-09 00:00:00,"Accepted, in service",20th and Little Raven,284,CCD Traffic Engineering,PTZ,0,FALSE,SW Corner,
134,Traffic camera,2012-01-09 00:00:00,"Accepted, in service",19th and Wynkoop,289,CCD Traffic Engineering,PTZ,0,FALSE,NE Corner,
135,Traffic camera,2012-01-09 00:00:00,"Accepted, in service",19th and Champa,293,CCD Traffic Engineering,PTZ,0,FALSE,SE Corner,
136,Traffic camera,2012-01-09 00:00:00,"Accepted, in service",19th and Blake,294,CCD Traffic Engineering,PTZ,0,TRUE,S Corner,BLAK19TH
137,Traffic camera,2012-01-09 00:00:00,"Accepted, in service",18th and Market,296,CCD Traffic Engineering,PTZ,0,FALSE,SW Corner,
138,Traffic camera,2012-01-09 00:00:00,"Accepted, in service",18th and Lincoln,197,CCD Traffic Engineering,PTZ,0,FALSE,NW Corner,
139,Traffic camera,2012-01-09 00:00:00,"Accepted, in service",18th and California,300,CCD Traffic Engineering,PTZ,0,FALSE,SE Corner,CALIFORNIA18TH
140,Traffic camera,2012-01-09 00:00:00,"Accepted, in service",17th and Wazee,304,CCD Traffic Engineering,PTZ,0,FALSE,SE Corner,
141,Traffic camera,2012-01-09 00:00:00,"Accepted, in service",17th and Grant,309,CCD Traffic Engineering,PTZ,0,FALSE,NW Corner,
142,Traffic camera,2012-01-09 00:00:00,"Accepted, in service",17th and Lawrence,307,CCD Traffic Engineering,PTZ,0,FALSE,NW Corner,
143,Traffic camera,2012-01-09 00:00:00,"Accepted, in service",17th and Broadway and Court ,313,CCD Traffic Engineering,PTZ,0,FALSE,SW Corner,
144,Traffic camera,2012-01-09 00:00:00,"Accepted, in service",16th and Stout,315,CCD Traffic Engineering,PTZ,0,FALSE,SW Corner,
145,Traffic camera,2012-01-09 00:00:00,"Accepted, in service",16th and Blake,318,CCD Traffic Engineering,PTZ,0,FALSE,SW Corner,BLAKE16TH
587,Traffic camera,2014-12-08 00:00:00,"Accepted, in service",8th and Lincoln,,CCD Traffic Engineering,PTZ,2,,,
596,Traffic camera,2014-12-08 00:00:00,"Accepted, in service",35th and Central Park Blvd,065,CCD Traffic Engineering,PTZ,2,,,
621,Traffic camera,2016-01-15 00:00:00,"Accepted, in service",Evans and Santa Fe,532,CCD Traffic Engineering,PTZ,2,,SE Corner,Evans and Santa Fe
622,Traffic camera,2016-01-22 00:00:00,"Accepted, in service",Brighton and 29th,533,CCD Traffic Engineering,PTZ,2,,,Brighton and 29th
623,Traffic camera,2016-02-16 00:00:00,"Accepted, in service",Zuni and 29th,534,CCD Traffic Engineering,PTZ,2,,,Zuni and 29th
624,Traffic camera,2016-02-17 00:00:00,"Accepted, in service",Cherry Creek Drive North and Holly,535,CCD Traffic Engineering,PTZ,2,,SE Corner,Cherry Creek Drive North and Holly
625,Traffic camera,2016-02-22 00:00:00,"Accepted, in service",Marion/Walnut and 38th,536,CCD Traffic Engineering,PTZ,2,,SW Corner,Marion/Walnut and 38th
626,Traffic camera,2016-02-22 00:00:00,"Accepted, in service",Morrison and Perry,537,CCD Traffic Engineering,PTZ,2,,,Morrison and Perry
224,Traffic camera,2012-01-09 00:00:00,"Accepted, in service",8th and Federal,184,CCD Traffic Engineering,PTZ,0,FALSE,NW Corner,
225,Traffic camera,2012-01-09 00:00:00,"Accepted, in service",2nd and Federal,062,CCD Traffic Engineering,PTZ,0,FALSE,NW Corner,
226,Traffic camera,2012-01-09 00:00:00,"Accepted, in service",Evans and University,086,CCD Traffic Engineering,PTZ,0,FALSE,NW Corner,
227,Traffic camera,2012-01-09 00:00:00,"Accepted, in service",DTC and Union/Temple,135,CCD Traffic Engineering,PTZ,0,FALSE,SW Corner,
1,DACS,2012-01-09 00:00:00,"Accepted, in service",York and 23rd,88,CCD Traffic Engineering,Fixed,0,,Stop Bar Cameras,
2,DACS,2012-01-09 00:00:00,"Accepted, in service",I-25 and 23rd SB O/R,1,CCD Traffic Engineering,Fixed,0,,Stop Bar Cameras,
3,DACS,2012-01-09 00:00:00,"Accepted, in service",Buchtel and High,10,CCD Traffic Engineering,Fixed,0,,Stop Bar Cameras,
4,DACS,2012-01-09 00:00:00,"Accepted, in service",Speer and 11th,68,CCD Traffic Engineering,Fixed,0,,At Intersection,
5,DACS,2012-01-09 00:00:00,"Accepted, in service",47th and Dallas,24,CCD Traffic Engineering,Fixed,0,,Stop Bar Cameras,
6,DACS,2012-01-09 00:00:00,"Accepted, in service",I-25 and Hampden E,35,CCD Traffic Engineering,Fixed,0,,Stop Bar Cameras,
7,DACS,2012-01-09 00:00:00,"Accepted, in service",I-25 and Hampden W,36,CCD Traffic Engineering,Fixed,0,,Stop Bar Cameras,
10,DACS,2012-01-09 00:00:00,"Accepted, in service",Buchtel and Logan and Mississippi,42,CCD Traffic Engineering,Fixed,0,,Stop Bar Cameras,
11,DACS,2012-01-09 00:00:00,"Accepted, in service",Fulton and Fulton,44,CCD Traffic Engineering,Fixed,0,,Stop Bar Cameras,
13,DACS,2012-01-09 00:00:00,"Accepted, in service",Havana and MLK,46,CCD Traffic Engineering,Fixed,0,,Stop Bar Cameras,
15,DACS,2012-01-09 00:00:00,"Accepted, in service",Quebec and I-270,53,CCD Traffic Engineering,Fixed,0,,Stop Bar Cameras,
16,DACS,2012-01-09 00:00:00,"Accepted, in service",Quebec and I-70 N,54,CCD Traffic Engineering,Fixed,0,,Stop Bar Cameras,
17,DACS,2012-01-09 00:00:00,"Accepted, in service",Quebec and I-70 S,55,CCD Traffic Engineering,Fixed,0,,Stop Bar Cameras,
18,DACS,2012-01-09 00:00:00,"Accepted, in service",Quebec and Sand Creek,57,CCD Traffic Engineering,Fixed,0,,Stop Bar Cameras,
19,DACS,2012-01-09 00:00:00,"Accepted, in service",Sheridan and Colfax,62,CCD Traffic Engineering,Fixed,0,,Stop Bar Cameras,
20,DACS,2012-01-09 00:00:00,"Accepted, in service",I-25 and Speer,65,CCD Traffic Engineering,Fixed,0,,Stop Bar Cameras,
21,DACS,2012-01-09 00:00:00,"Accepted, in service",19th and Wynkoop,86,CCD Traffic Engineering,Fixed,0,,Stop Bar Cameras,
23,DACS,2012-01-09 00:00:00,"Accepted, in service",Quebec and Evand and Iliff,117,CCD Traffic Engineering,Fixed,0,,850' South of Iliff/655' North of Iliff/900' West of Quebec,
24,DACS,2012-01-09 00:00:00,"Accepted, in service",Valentia and 56th,82,CCD Traffic Engineering,Fixed,0,,Stop Bar Cameras,
26,DACS,2012-01-09 00:00:00,"Accepted, in service",Union and Corp Ctr Plaza,79,CCD Traffic Engineering,Fixed,0,,Stop Bar Cameras,
27,DACS,2012-01-09 00:00:00,"Accepted, in service",Ulster and Corporate/Carriage,78,CCD Traffic Engineering,Fixed,0,,Stop Bar Cameras,
28,DACS,2012-01-09 00:00:00,"Accepted, in service",Northfield and Uinta,77,CCD Traffic Engineering,Fixed,0,,Stop Bar Cameras,
29,DACS,2012-01-09 00:00:00,"Accepted, in service",Verbena and 49th,83,CCD Traffic Engineering,Fixed,0,,Stop Bar Cameras,
30,DACS,2012-01-09 00:00:00,"Accepted, in service",Colorado and Louisiana,19,CCD Traffic Engineering,Fixed,0,,NB at Intersection,
31,DACS,2012-01-09 00:00:00,"Accepted, in service",Colorado and MLK,20,CCD Traffic Engineering,Fixed,0,,Stop Bar Cameras,
32,DACS,2012-01-09 00:00:00,"Accepted, in service",Colorado and Mexico,23,CCD Traffic Engineering,Fixed,0,,Stop Bar Cameras,
34,DACS,2012-01-09 00:00:00,"Accepted, in service",Elm and Montview,47,CCD Traffic Engineering,Fixed,0,,Stop Bar Cameras,
35,DACS,2012-01-09 00:00:00,"Accepted, in service",I-25 and Evans W,26,CCD Traffic Engineering,Fixed,0,,Stop Bar Cameras,
36,DACS,2012-01-09 00:00:00,"Accepted, in service",I-25 and Evans E,25,CCD Traffic Engineering,Fixed,0,,Stop Bar Cameras,
37,DACS,2012-01-09 00:00:00,"Accepted, in service",Monaco and Evans,116,CCD Traffic Engineering,Fixed,0,,785' West of Monaco/860' East of Monaco,
38,DACS,2012-01-09 00:00:00,"Accepted, in service",University and Evans,105,CCD Traffic Engineering,Fixed,0,,750' West of University/801'East of University/450' North of Evans (@ Asbury),
39,DACS,2012-01-09 00:00:00,"Accepted, in service",Federal and 8th,27,CCD Traffic Engineering,Fixed,0,,Stop Bar Cameras,
40,DACS,2012-01-09 00:00:00,"Accepted, in service",Federal and 44th,28,CCD Traffic Engineering,Fixed,0,,Stop Bar Cameras,
41,DACS,2012-01-09 00:00:00,"Accepted, in service",Federal and Florida,30,CCD Traffic Engineering,Fixed,0,,Stop Bar Cameras,
42,DACS,2012-01-09 00:00:00,"Accepted, in service",I-70 and Federal N,31,CCD Traffic Engineering,Fixed,0,,Stop Bar Cameras,
43,DACS,2012-01-09 00:00:00,"Accepted, in service",I-70 and Federal S,32,CCD Traffic Engineering,Fixed,0,,Stop Bar Cameras,
44,DACS,2012-01-09 00:00:00,"Accepted, in service",Federal and Louisiana,33,CCD Traffic Engineering,Fixed,0,,Stop Bar Cameras,
45,DACS,2012-01-09 00:00:00,"Accepted, in service",Federal and Speer,34,CCD Traffic Engineering,Fixed,0,,Stop Bar Cameras,
46,DACS,2012-01-09 00:00:00,"Accepted, in service",Santa Fe and Florida,59,CCD Traffic Engineering,Fixed,0,,Stop Bar Cameras,
271,Traffic camera,2012-01-09 00:00:00,"Accepted, in service",Park Avenue West and Delgany/Wewatta,123,CCD Traffic Engineering,PTZ,0,FALSE,,
272,Traffic camera,2012-01-09 00:00:00,"Accepted, in service",19th and Lawrence,292,CCD Traffic Engineering,PTZ,0,FALSE,,
273,Traffic camera,2012-01-09 00:00:00,"Accepted, in service",19th and Stout,290,CCD Traffic Engineering,PTZ,0,FALSE,,
274,Traffic camera,2012-01-09 00:00:00,"Accepted, in service",17th and Champa,312,CCD Traffic Engineering,PTZ,0,FALSE,,
275,Traffic camera,2012-01-09 00:00:00,"Accepted, in service",16th and California,317,CCD Traffic Engineering,PTZ,0,FALSE,,
276,Traffic camera,2012-01-09 00:00:00,"Accepted, in service",18th and Broadway/Tremont,301,CCD Traffic Engineering,PTZ,0,FALSE,,
277,Traffic camera,2012-01-09 00:00:00,"Accepted, in service",17th and Logan,306,CCD Traffic Engineering,PTZ,0,FALSE,,
278,Traffic camera,2012-01-09 00:00:00,"Accepted, in service",Colfax and Pearl,210,CCD Traffic Engineering,PTZ,0,FALSE,,
279,Traffic camera,2012-01-09 00:00:00,"Accepted, in service",48th and Vasquez,260,CCD Traffic Engineering,PTZ,0,FALSE,,
280,Traffic camera,2012-01-09 00:00:00,"Accepted, in service",13th and Josephine,342,CCD Traffic Engineering,PTZ,0,FALSE,,
281,Traffic camera,2012-01-09 00:00:00,"Accepted, in service",14th and Market,329,CCD Traffic Engineering,PTZ,0,FALSE,NE Corner,
282,Traffic camera,2012-01-09 00:00:00,"Accepted, in service",13th and Zuni,225,CCD Traffic Engineering,PTZ,0,FALSE,SW Corner,
283,Traffic camera,2012-01-09 00:00:00,"Accepted, in service",I-70 and Washington N I/S,463,CCD Traffic Engineering,PTZ,0,FALSE,EB SE Corner,
285,Traffic camera,2012-01-09 00:00:00,"Accepted, in service","Colorado and Alameda
Colorado / Alameda",254,CCD Traffic Engineering,PTZ,0,FALSE,NW Corner,
286,Traffic camera,2012-01-09 00:00:00,"Accepted, in service",Colorado and 23rd,200,CCD Traffic Engineering,PTZ,0,FALSE,SW Corner,
287,Traffic camera,2012-01-09 00:00:00,"Accepted, in service","Colorado and 17th
Colorado and 17th",310,CCD Traffic Engineering,PTZ,0,FALSE,SW Corner,
288,Traffic camera,2012-01-09 00:00:00,"Accepted, in service",Colfax and Yosemite ,203,CCD Traffic Engineering,PTZ,0,TRUE,SE Corner,COLFYOSE
289,Traffic camera,2012-01-09 00:00:00,"Accepted, in service",Colfax and York,204,CCD Traffic Engineering,PTZ,0,FALSE,SE Corner,
290,Traffic camera,2012-01-09 00:00:00,"Accepted, in service",Colfax and Sheridan,207,CCD Traffic Engineering,PTZ,0,FALSE,NW Corner,
291,Traffic camera,2012-01-09 00:00:00,"Accepted, in service",Colfax and Perry,209,CCD Traffic Engineering,PTZ,0,FALSE,SE Corner,
292,Traffic camera,2012-01-09 00:00:00,"Accepted, in service",Colfax and Park Ave/Franklin,211,CCD Traffic Engineering,PTZ,0,FALSE,SE Corner,
293,Traffic camera,2012-01-09 00:00:00,"Accepted, in service",Colfax and Monaco,212,CCD Traffic Engineering,PTZ,0,FALSE,SE Corner,
294,Traffic camera,2012-01-09 00:00:00,"Accepted, in service",Colfax and Mile High Stadium,,CCD Traffic Engineering,PTZ,0,FALSE,NW Corner,
295,Traffic camera,2012-01-09 00:00:00,"Accepted, in service",Colfax and Lincoln,215,CCD Traffic Engineering,PTZ,0,TRUE,SE Corner,LINCCOLF
296,Traffic camera,2012-01-09 00:00:00,"Accepted, in service",Colfax and Irving,218,CCD Traffic Engineering,PTZ,0,FALSE,SE Corner,
297,Traffic camera,2012-01-09 00:00:00,"Accepted, in service",Colfax and Colorado,225,CCD Traffic Engineering,PTZ,0,TRUE,NW Corner,COLOCOLF
298,Traffic camera,2012-01-09 00:00:00,"Accepted, in service",Colfax and Clarkson,226,CCD Traffic Engineering,PTZ,0,FALSE,SE Corner,
299,Traffic camera,2012-01-09 00:00:00,"Accepted, in service",Colfax and Cherokee/Court,227,CCD Traffic Engineering,PTZ,0,FALSE,SW Corner,
300,Traffic camera,2012-01-09 00:00:00,"Accepted, in service",Broadway and Ohio,236,CCD Traffic Engineering,PTZ,0,FALSE,NE Corner,
301,Traffic camera,2012-01-09 00:00:00,"Accepted, in service",Alameda and Federal,176,CCD Traffic Engineering,PTZ,0,FALSE,NW Corner,
302,Traffic camera,2012-01-09 00:00:00,"Accepted, in service",38th and Brighton,270,CCD Traffic Engineering,PTZ,0,FALSE,NE Corner,
303,Traffic camera,2012-01-09 00:00:00,"Accepted, in service",20th and Blake,287,CCD Traffic Engineering,PTZ,0,FALSE,SW Corner,
304,Traffic camera,2012-01-09 00:00:00,"Accepted, in service",18th and Curtis,299,CCD Traffic Engineering,PTZ,0,FALSE,SE Corner,
305,Traffic camera,2012-01-09 00:00:00,"Accepted, in service",16th and Tremont,314,CCD Traffic Engineering,PTZ,0,FALSE,SW Corner,
306,Traffic camera,2012-01-09 00:00:00,"Accepted, in service",14th and Delaware,332,CCD Traffic Engineering,PTZ,0,FALSE,SW Corner,
307,Traffic camera,2012-01-09 00:00:00,"Accepted, in service",14th and Glenarm,331,CCD Traffic Engineering,PTZ,0,FALSE,NW Corner,
308,Traffic camera,2012-01-09 00:00:00,"Accepted, in service",11th and Broadway,346,CCD Traffic Engineering,PTZ,0,FALSE,SW Corner,
309,Traffic camera,2012-01-09 00:00:00,"Accepted, in service",6th and Kalamath,355,CCD Traffic Engineering,PTZ,0,FALSE,NW Corner,
311,Traffic camera,2012-01-09 00:00:00,"Accepted, in service",Park Ave West and Globeville,121,CCD Traffic Engineering,PTZ,0,FALSE,SE Corner,
312,Traffic camera,2012-01-09 00:00:00,"Accepted, in service",I-70 and Colorado Blvd,151,CCD Traffic Engineering,PTZ,0,TRUE,SW Corner,I-70COLO
48,DACS,2012-01-09 00:00:00,"Accepted, in service",Hampden and Monaco,37,CCD Traffic Engineering,Fixed,0,,Stop Bar Cameras,
49,DACS,2012-01-09 00:00:00,"Accepted, in service",Hampden and Tamarac,38,CCD Traffic Engineering,Fixed,0,,Stop Bar Cameras,
50,DACS,2012-01-09 00:00:00,"Accepted, in service",Hampden and Yosemite,39,CCD Traffic Engineering,Fixed,0,,Stop Bar Cameras,
228,Traffic camera,2012-01-09 00:00:00,"Accepted, in service",Colorado and MLK,192,CCD Traffic Engineering,PTZ,0,FALSE,SW Corner,
229,Traffic camera,2012-01-09 00:00:00,"Accepted, in service",Colorado and Louisiana,195,CCD Traffic Engineering,PTZ,0,TRUE,NE Corner,COLOLOUI
230,Traffic camera,2012-01-09 00:00:00,"Accepted, in service",Colorado and Evans,196,CCD Traffic Engineering,PTZ,0,FALSE,SW Corner,COLORADOEVANS
231,Traffic camera,2012-01-09 00:00:00,"Accepted, in service",Colorado and Cherry Creek South,198,CCD Traffic Engineering,PTZ,0,FALSE,NE Corner,
232,Traffic camera,2012-01-09 00:00:00,"Accepted, in service",Colfax and Speer ,206,CCD Traffic Engineering,PTZ,0,TRUE,NB SW Corner,SPEECOLF
234,Traffic camera,2012-01-09 00:00:00,"Accepted, in service",Alameda and University,246,CCD Traffic Engineering,PTZ,0,FALSE,SE Corner,
235,Traffic camera,2012-01-09 00:00:00,"Accepted, in service",38th and Fox/Park Avenue West,269,CCD Traffic Engineering,PTZ,0,FALSE,NW Corner,
236,Traffic camera,2012-01-09 00:00:00,"Accepted, in service",20th and Broadway/California,110,CCD Traffic Engineering,PTZ,0,FALSE,SE Corner,
237,Traffic camera,2012-01-09 00:00:00,"Accepted, in service",20th and Arapahoe,288,CCD Traffic Engineering,PTZ,0,FALSE,SW Corner,ARAPAHOE20TH
238,Traffic camera,2012-01-09 00:00:00,"Accepted, in service",Alameda and Knox/Morrison,249,CCD Traffic Engineering,PTZ,0,FALSE,,
239,Traffic camera,2012-01-09 00:00:00,"Accepted, in service",13th and Santa Fe,340,CCD Traffic Engineering,PTZ,0,FALSE,,
240,Traffic camera,2012-01-09 00:00:00,"Accepted, in service",Broadway and Iowa,238,CCD Traffic Engineering,PTZ,0,FALSE,,
241,Traffic camera,2012-01-09 00:00:00,"Accepted, in service",1st and Lincoln,363,CCD Traffic Engineering,PTZ,0,FALSE,,
242,Traffic camera,2012-01-09 00:00:00,"Accepted, in service",Broadway and 3rd,244,CCD Traffic Engineering,PTZ,0,FALSE,,
243,Traffic camera,2012-01-09 00:00:00,"Accepted, in service",Alameda and Lincoln,251,CCD Traffic Engineering,PTZ,0,FALSE,,
244,Traffic camera,2012-01-09 00:00:00,"Accepted, in service",11th and Kalamath,345,CCD Traffic Engineering,PTZ,0,FALSE,,
245,Traffic camera,2012-01-09 00:00:00,"Accepted, in service",Colorado and 12th,201,CCD Traffic Engineering,PTZ,0,FALSE,,
246,Traffic camera,2012-01-09 00:00:00,"Accepted, in service",I-25 and Evans East I/S,141,CCD Traffic Engineering,PTZ,0,FALSE,,
247,Traffic camera,2012-01-09 00:00:00,"Accepted, in service",Colorado and Mexico,194,CCD Traffic Engineering,PTZ,0,FALSE,,
248,Traffic camera,2012-01-09 00:00:00,"Accepted, in service",Colorado and Mississippi,193,CCD Traffic Engineering,PTZ,0,FALSE,,
249,Traffic camera,2012-01-09 00:00:00,"Accepted, in service",Colorado and Dartmouth,297,CCD Traffic Engineering,PTZ,0,FALSE,,
250,Traffic camera,2012-01-09 00:00:00,"Accepted, in service",Federal and Yale,168,CCD Traffic Engineering,PTZ,0,FALSE,,
251,Traffic camera,2012-01-09 00:00:00,"Accepted, in service",Broadway and Kentucky,237,CCD Traffic Engineering,PTZ,0,FALSE,,
252,Traffic camera,2012-01-09 00:00:00,"Accepted, in service",Sheridan and 26th,275,CCD Traffic Engineering,PTZ,0,FALSE,,
253,Traffic camera,2012-01-09 00:00:00,"Accepted, in service",Colorado and 8th,352,CCD Traffic Engineering,PTZ,0,FALSE,,
254,Traffic camera,2012-01-09 00:00:00,"Accepted, in service",56th and Havana,258,CCD Traffic Engineering,PTZ,0,FALSE,,
257,Traffic camera,2012-01-09 00:00:00,"Accepted, in service",15th and Little Raven,324,CCD Traffic Engineering,PTZ,0,FALSE,,
258,Traffic camera,2012-01-09 00:00:00,"Accepted, in service",Park and Downing,122,CCD Traffic Engineering,PTZ,0,FALSE,,
259,Traffic camera,2012-01-09 00:00:00,"Accepted, in service",22nd and Larimer,279,CCD Traffic Engineering,PTZ,0,FALSE,,
260,Traffic camera,2012-01-09 00:00:00,"Accepted, in service",Speer and Chopper and Wewatta,089,CCD Traffic Engineering,PTZ,0,FALSE,,
261,Traffic camera,2012-01-09 00:00:00,"Accepted, in service",Quebec and Smith Rd,493,CCD Traffic Engineering,PTZ,0,FALSE,,
262,Traffic camera,2012-01-09 00:00:00,"Accepted, in service",Quebec and Montview,112,CCD Traffic Engineering,PTZ,0,FALSE,,
263,Traffic camera,2012-01-09 00:00:00,"Accepted, in service",48th (GVR) and Pena W I/S ,263,CCD Traffic Engineering,PTZ,0,FALSE,,
264,Traffic camera,2012-01-09 00:00:00,"Accepted, in service",Quebec and Evans/Iliff,115,CCD Traffic Engineering,PTZ,0,FALSE,,
265,Traffic camera,2012-01-09 00:00:00,"Accepted, in service",Quebec and 26th,276,CCD Traffic Engineering,PTZ,0,FALSE,,
266,Traffic camera,2012-01-09 00:00:00,"Accepted, in service",Alameda and Monaco,250,CCD Traffic Engineering,PTZ,0,FALSE,,
267,Traffic camera,2012-01-09 00:00:00,"Accepted, in service",Evans and High,186,CCD Traffic Engineering,PTZ,0,FALSE,,
268,Traffic camera,2012-01-09 00:00:00,"Accepted, in service",15th and Cleveland,326,CCD Traffic Engineering,PTZ,0,FALSE,,
269,Traffic camera,2012-01-09 00:00:00,"Accepted, in service",Lincoln and Walsh,137,CCD Traffic Engineering,PTZ,0,FALSE,,
270,Traffic camera,2012-01-09 00:00:00,"Accepted, in service",20th and Chestnut,286,CCD Traffic Engineering,PTZ,0,FALSE,,
183,Traffic camera,2012-01-09 00:00:00,"Accepted, in service",I-70 and Monaco (Stapleton Dr S),146,CCD Traffic Engineering,PTZ,0,FALSE,SW Corner,
184,Traffic camera,2012-01-09 00:00:00,"Accepted, in service",I-70 and Quebec St,144,CCD Traffic Engineering,PTZ,0,TRUE,SW Corner,I-70QUEB
185,Traffic camera,2012-01-09 00:00:00,"Accepted, in service",I-70 and Sheridan Blvd,143,CCD Traffic Engineering,PTZ,0,TRUE,SE Corner,I-70SHER
186,Traffic camera,2012-01-09 00:00:00,"Accepted, in service",I-70 and Steele,142,CCD Traffic Engineering,PTZ,0,FALSE,NW Corner,
187,Traffic camera,2012-01-09 00:00:00,"Accepted, in service",I-70 and Washington S I/S,140,CCD Traffic Engineering,PTZ,0,FALSE,EB SE Corner,
188,Traffic camera,2012-01-09 00:00:00,"Accepted, in service",Webb Office Bldg Roof,231,CCD Traffic Engineering,PTZ,0,FALSE,West Side,
189,Traffic camera,2012-01-09 00:00:00,"Accepted, in service",Ulster and Union,367,CCD Traffic Engineering,PTZ,0,FALSE,SE Corner,
190,Traffic camera,2012-01-09 00:00:00,"Accepted, in service",Speer and Zuni,088,CCD Traffic Engineering,PTZ,0,FALSE,SW Corner,
191,Traffic camera,2012-01-09 00:00:00,"Accepted, in service",Lawrence and Speer,091,CCD Traffic Engineering,PTZ,0,FALSE,SE Corner,LAWRENCESPEER
192,Traffic camera,2012-01-09 00:00:00,"Accepted, in service",Larimer and Speer,092,CCD Traffic Engineering,PTZ,0,FALSE,SE Corner,
193,Traffic camera,2012-01-09 00:00:00,"Accepted, in service",Federal and Speer,093,CCD Traffic Engineering,PTZ,0,FALSE,NE Corner,
194,Traffic camera,2012-01-09 00:00:00,"Accepted, in service",Elitch Cir and Speer,094,CCD Traffic Engineering,PTZ,0,FALSE,E Corner,
195,Traffic camera,2012-01-09 00:00:00,"Accepted, in service",Champa and Speer,096,CCD Traffic Engineering,PTZ,0,FALSE,NE Corner,
196,Traffic camera,2012-01-09 00:00:00,"Accepted, in service",Auraria and Speer,097,CCD Traffic Engineering,PTZ,0,FALSE,North side Median,AURARIASPEER
197,Traffic camera,2012-01-09 00:00:00,"Accepted, in service",8th and Speer,100,CCD Traffic Engineering,PTZ,0,FALSE,NB NW Corner,
198,Traffic camera,2012-01-09 00:00:00,"Accepted, in service",6th and Speer,101,CCD Traffic Engineering,PTZ,0,FALSE,SB NE Corner,
199,Traffic camera,2012-01-09 00:00:00,"Accepted, in service",13th and Speer,098,CCD Traffic Engineering,PTZ,0,FALSE,NB NE Corner,
200,Traffic camera,2012-01-09 00:00:00,"Accepted, in service",Mississippi/Morrison and Sheridan,103,CCD Traffic Engineering,PTZ,0,FALSE,NW Corner,
201,Traffic camera,2012-01-09 00:00:00,"Accepted, in service",Jewell and Sheridan,104,CCD Traffic Engineering,PTZ,0,FALSE,SE Corner,
202,Traffic camera,2012-01-09 00:00:00,"Accepted, in service",Hampden and Sheridan,105,CCD Traffic Engineering,PTZ,0,TRUE,South Side,HAMPSHER
203,Traffic camera,2012-01-09 00:00:00,"Accepted, in service",Sheridan and 38th,106,CCD Traffic Engineering,PTZ,0,FALSE,SW Corner,
204,Traffic camera,2012-01-09 00:00:00,"Accepted, in service",Mississippi and Santa Fe,368,CCD Traffic Engineering,PTZ,0,FALSE,NW Corner,
205,Traffic camera,2012-01-09 00:00:00,"Accepted, in service",Quebec and MLK,113,CCD Traffic Engineering,PTZ,0,FALSE,SE Corner,
206,Traffic camera,2012-01-09 00:00:00,"Accepted, in service",Alameda and Quebec,116,CCD Traffic Engineering,PTZ,0,FALSE,SE Corner,
207,Traffic camera,2012-01-09 00:00:00,"Accepted, in service",56th and Quebec,117,CCD Traffic Engineering,PTZ,0,FALSE,NE Corner,
208,Traffic camera,2012-01-09 00:00:00,"Accepted, in service",Pena and Tower Rd N I/S,118,CCD Traffic Engineering,PTZ,0,FALSE,NE Corner,
209,Traffic camera,2012-01-09 00:00:00,"Accepted, in service",Park Avenue West and Wazee,119,CCD Traffic Engineering,PTZ,0,TRUE,SW Corner,PARKWEST
210,Traffic camera,2012-01-09 00:00:00,"Accepted, in service",Market and Park Avenue West,120,CCD Traffic Engineering,PTZ,0,FALSE,SE Corner,
211,Traffic camera,2012-01-09 00:00:00,"Accepted, in service",Mississippi and Parker,125,CCD Traffic Engineering,PTZ,0,FALSE,NE Corner,
212,Traffic camera,2012-01-09 00:00:00,"Accepted, in service",Leetsdale and Monaco,138,CCD Traffic Engineering,PTZ,0,TRUE,NW Corner,LEETMONA
213,Traffic camera,2012-01-09 00:00:00,"Accepted, in service",Hampden and Yosemite,162,CCD Traffic Engineering,PTZ,0,FALSE,NW Corner,
214,Traffic camera,2012-01-09 00:00:00,"Accepted, in service",Hampden and Tamarac,163,CCD Traffic Engineering,PTZ,0,FALSE,SE Corner,
215,Traffic camera,2012-01-09 00:00:00,"Accepted, in service",Hampden and Monaco,164,CCD Traffic Engineering,PTZ,0,TRUE,NE Corner,HAMPMONA
216,Traffic camera,2012-01-09 00:00:00,"Accepted, in service",Colorado and Hamden,166,CCD Traffic Engineering,PTZ,0,TRUE,NW Corner,HAMPCOLO
217,Traffic camera,2012-01-09 00:00:00,"Accepted, in service",Federal and Holden,170,CCD Traffic Engineering,PTZ,0,FALSE,NW Corner,
218,Traffic camera,2012-01-09 00:00:00,"Accepted, in service",Federal and Florida,171,CCD Traffic Engineering,PTZ,0,FALSE,,
219,Traffic camera,2012-01-09 00:00:00,"Accepted, in service",Federal and Exposition,172,CCD Traffic Engineering,PTZ,0,FALSE,SW Corner,
220,Traffic camera,2012-01-09 00:00:00,"Accepted, in service",Evans and Federal,173,CCD Traffic Engineering,PTZ,0,FALSE,,
221,Traffic camera,2012-01-09 00:00:00,"Accepted, in service",44th and Federal,177,CCD Traffic Engineering,PTZ,0,FALSE,SW Corner,
222,Traffic camera,2012-01-09 00:00:00,"Accepted, in service",38th and Federal,179,CCD Traffic Engineering,PTZ,0,FALSE,SE Corner,
223,Traffic camera,2012-01-09 00:00:00,"Accepted, in service",20th and Federal,183,CCD Traffic Engineering,PTZ,0,FALSE,SE Corner,
315,Traffic camera,2012-01-09 00:00:00,"Accepted, in service",Downing and Speer,095,CCD Traffic Engineering,PTZ,0,FALSE,NE Corner,
359,AUTOSCOPE,2012-01-09 00:00:00,"Accepted, in service",I-25 and Hampden,24,CCD Traffic Engineering,Fixed,0,,,
360,AUTOSCOPE,2012-01-09 00:00:00,"Accepted, in service",I-25 and Hampden,25,CCD Traffic Engineering,Fixed,0,,,
361,AUTOSCOPE,2012-01-09 00:00:00,"Accepted, in service",Hampden and Monaco,26,CCD Traffic Engineering,Fixed,0,,,
362,AUTOSCOPE,2012-01-09 00:00:00,"Accepted, in service",20th and Lipan,27,CCD Traffic Engineering,Fixed,0,,,
363,AUTOSCOPE,2012-01-09 00:00:00,"Accepted, in service",Washington and I-70,28,CCD Traffic Engineering,Fixed,0,,,
364,AUTOSCOPE,2012-01-09 00:00:00,"Accepted, in service",Sheridan and Jewell,29,CCD Traffic Engineering,Fixed,0,,,
365,AUTOSCOPE,2012-01-09 00:00:00,"Accepted, in service",Leetsdale and Quebec,30,CCD Traffic Engineering,Fixed,0,,,
366,AUTOSCOPE,2012-01-09 00:00:00,"Accepted, in service",20th and Market,31,CCD Traffic Engineering,Fixed,0,,,
367,AUTOSCOPE,2012-01-09 00:00:00,"Accepted, in service",Mississippi and Morrison and Sheridan,32,CCD Traffic Engineering,Fixed,0,,,
368,AUTOSCOPE,2012-01-09 00:00:00,"Accepted, in service",Quebec and I-70,33,CCD Traffic Engineering,Fixed,0,,,
370,AUTOSCOPE,2012-01-09 00:00:00,"Accepted, in service",York and 23rd,35,CCD Traffic Engineering,Fixed,0,,,
371,AUTOSCOPE,2012-01-09 00:00:00,"Accepted, in service",20th and Chestnut,36,CCD Traffic Engineering,Fixed,0,,,
372,AUTOSCOPE,2012-01-09 00:00:00,"Accepted, in service",Quebec and Sand Creek,37,CCD Traffic Engineering,Fixed,0,,,
373,AUTOSCOPE,2012-01-09 00:00:00,"Accepted, in service",Speer and Elitch Cir,38,CCD Traffic Engineering,Fixed,0,,,
374,AUTOSCOPE,2012-01-09 00:00:00,"Accepted, in service",56th and Tower,39,CCD Traffic Engineering,Fixed,0,,,
375,AUTOSCOPE,2012-01-09 00:00:00,"Accepted, in service",Park Avenue West and Delgany and Wewatta,40,CCD Traffic Engineering,Fixed,0,,,
377,AUTOSCOPE,2012-01-09 00:00:00,"Accepted, in service",40th and Chambers,42,CCD Traffic Engineering,Fixed,0,,,
378,AUTOSCOPE,2012-01-09 00:00:00,"Accepted, in service",Colfax and Eliot,43,CCD Traffic Engineering,Fixed,0,,,
380,AUTOSCOPE,2012-01-09 00:00:00,"Accepted, in service",Speer and Chopper and Wewatta,45,CCD Traffic Engineering,Fixed,0,,,
381,AUTOSCOPE,2012-01-09 00:00:00,"Accepted, in service",Quebec and I-70,46,CCD Traffic Engineering,Fixed,0,,,
382,AUTOSCOPE,2012-01-09 00:00:00,"Accepted, in service",7th and Auraria (B side),47,CCD Traffic Engineering,Fixed,0,,,
383,AUTOSCOPE,2012-01-09 00:00:00,"Accepted, in service",Colorado and Evans,48,CCD Traffic Engineering,Fixed,0,,,
386,Traffic camera,2014-12-08 00:00:00,"Accepted, in service",Evans and Holly,185,CCD Traffic Engineering,PTZ,2,,,
387,Forest City PTZ,2014-12-08 00:00:00,"Accepted, in service",56th and Valentia,011,FOREST CITY,PTZ,2,,,
388,Traffic camera,2014-12-08 00:00:00,"Accepted, in service",University and Buchtel,087,CCD Traffic Engineering,PTZ,2,,,
389,Traffic camera,2014-12-08 00:00:00,"Accepted, in service",18th and York,295,Proposed,PTZ,2,,,
390,Traffic camera,2014-12-08 00:00:00,"Accepted, in service",Leetsdale and Holly,139,CCD Traffic Engineering,PTZ,2,,,
391,Traffic camera,2014-12-08 00:00:00,"Accepted, in service",38th and Arkins Ct,271,CCD Traffic Engineering,PTZ,2,,,
392,Traffic camera,2014-12-08 00:00:00,"Accepted, in service",Colfax and Delaware, ,CCD Traffic Engineering,PTZ,2,,,
393,Traffic camera,2014-12-08 00:00:00,"Accepted, in service",41st and Federal,178,CCD Traffic Engineering,PTZ,2,,,
394,Traffic camera,2014-12-08 00:00:00,"Accepted, in service",Broadway and Walnut,235,CCD Traffic Engineering,PTZ,2,,,
396,Traffic camera,2014-12-08 00:00:00,"Accepted, in service",Speer and Stout,,CCD Traffic Engineering,PTZ,2,,,
397,Traffic camera,2014-12-08 00:00:00,"Accepted, in service",48th (GVR) and Telluride,262,CCD Traffic Engineering,PTZ,2,,,
398,Traffic camera,2014-12-08 00:00:00,"Accepted, in service",Havana and Dartmouth,161,CCD Traffic Engineering,PTZ,2,,,
399,Traffic camera,2014-12-08 00:00:00,"Accepted, in service",53rd and Quebec,259,CCD Traffic Engineering,PTZ,2,,,
629,TRAFFICCAM,2016-04-21 00:00:00,IN USE,Water and 7th / 8th,541,PWTES,PTZ,2,,,Water and 7th / 8th  
630,TRAFFICCAM,2016-04-22 00:00:00,IN USE,Knox and 1st,542,PWTES,PTZ,2,,SE Corner,Knox and 1st
428,Traffic camera,2014-12-08 00:00:00,"Accepted, in service",Colfax and High,456,CCD Traffic Engineering,PTZ,2,,,
430,Signal Reconstruction (MIL) PTZ,2014-12-08 00:00:00,"Accepted, in service",Steele and MLK,134,Signal Reconstruction,PTZ,2,,,
431,Signal Reconstruction (MIL) PTZ,2014-12-08 00:00:00,"Accepted, in service",39th and Peoria,265,Signal Reconstruction,PTZ,2,,,
433,Traffic camera,2014-12-08 00:00:00,"Accepted, in service",Yosemite and Montiew and Central Park Blvd,129,CCD Traffic Engineering,PTZ,2,,,
434,Traffic camera,2014-12-08 00:00:00,"Accepted, in service",3rd and Santa Fe,358,CCD Traffic Engineering,PTZ,2,,,
435,Traffic camera,2014-12-08 00:00:00,"Accepted, in service",27th and Welton,274,CCD Traffic Engineering,PTZ,2,,,
436,Traffic camera,2014-12-08 00:00:00,"Accepted, in service",Alameda and Holly,252,CCD Traffic Engineering,PTZ,2,,,
437,Traffic camera,2014-12-08 00:00:00,"Accepted, in service",I-70 and Central Park S,462,CCD Traffic Engineering,PTZ,2,,,
438,Traffic camera,2014-12-08 00:00:00,"Accepted, in service",I-70 and Central Park N,461,CCD Traffic Engineering,PTZ,2,,,
439,Traffic camera,2014-12-08 00:00:00,"Accepted, in service",29th and Central Park,454,CCD Traffic Engineering,PTZ,2,,,
440,Traffic camera,2014-12-08 00:00:00,"Accepted, in service",Colorado and 14th,451,CCD Traffic Engineering,PTZ,2,,,
441,Traffic camera,2014-12-08 00:00:00,"Accepted, in service",Colfax and Meade,457,CCD Traffic Engineering,PTZ,2,,,
442,Traffic camera,2014-12-08 00:00:00,"Accepted, in service",Colorado and 13th,450,CCD Traffic Engineering,PTZ,2,,,
443,Traffic camera,2014-12-08 00:00:00,"Accepted, in service",Broadway and Champa,455,CCD Traffic Engineering,PTZ,2,,,
444,Traffic camera,2014-12-08 00:00:00,"Accepted, in service",Quebec and Yale ,468,CCD Traffic Engineering,PTZ,2,,,
445,Signal Reconstruction (MIL) PTZ,2014-12-08 00:00:00,"Accepted, in service",Yale and Monaco,130,Signal Reconstruction,PTZ,2,,,
446,HALO PTZ,2014-12-08 00:00:00,"Accepted, in service",Colfax and Hudson,220,HALO,PTZ,2,,,
447,Traffic camera,2014-12-08 00:00:00,"Accepted, in service",Monaco and Evans,133,CCD Traffic Engineering,PTZ,2,,,
448,Traffic camera,2014-12-08 00:00:00,"Accepted, in service",Monaco and Kentucky,466,CCD Traffic Engineering,PTZ,2,,,
449,Traffic camera,2014-12-08 00:00:00,"Accepted, in service",GVR and Himalaya,458,CCD Traffic Engineering,PTZ,2,,,
450,Traffic camera,2014-12-08 00:00:00,"Accepted, in service",Logan and Louisiana,464,CCD Traffic Engineering,PTZ,2,,,
451,Traffic camera,2014-12-08 00:00:00,"Accepted, in service",Sheridan and 10th,469,CCD Traffic Engineering,PTZ,2,,,
453,Traffic camera,2014-12-08 00:00:00,"Accepted, in service",Alameda and Cherokee,383,CCD Traffic Engineering,PTZ,2,,,
454,Traffic camera,2014-12-08 00:00:00,"Accepted, in service",Alameda and Logan,378,CCD Traffic Engineering,PTZ,2,,,
400,Signal Reconstruction (MIL) PTZ,2014-12-08 00:00:00,"Accepted, in service",17th and Josephine,308,Signal Reconstruction,PTZ,2,,,
401,Signal Reconstruction (MIL) PTZ,2014-12-08 00:00:00,"Accepted, in service",17th and York,302,Signal Reconstruction,PTZ,2,,,
402,Traffic camera,2014-12-08 00:00:00,"Accepted, in service",23rd and York,453,CCD Traffic Engineering,PTZ,2,,,
403,Traffic camera,2014-12-08 00:00:00,"Accepted, in service",Hampden and Dahlia,165,CCD Traffic Engineering,PTZ,2,,,
404,Signal Reconstruction (MIL) PTZ,2014-12-08 00:00:00,"Accepted, in service",York and Botanical,83,Signal Reconstruction,PTZ,2,,,
405,Traffic camera,2014-12-08 00:00:00,"Accepted, in service",23rd and Zoo,277,CCD Traffic Engineering,PTZ,2,,,
406,Traffic camera,2014-12-08 00:00:00,"Accepted, in service",Monaco and Exposition,465,CCD Traffic Engineering,PTZ,2,,,
407,Signal Reconstruction (MIL) PTZ,2014-12-08 00:00:00,"Accepted, in service",1st and Monaco,362,Signal Reconstruction,PTZ,2,,,
408,Traffic camera,2014-12-08 00:00:00,"Accepted, in service",15th and Wazee,322,CCD Traffic Engineering,PTZ,2,,,
409,Signal Reconstruction (MIL) PTZ,2014-12-08 00:00:00,"Accepted, in service",Alameda and Tejon,247,Signal Reconstruction,PTZ,2,,,
410,Traffic camera,2014-12-08 00:00:00,"Accepted, in service",Downing and Louisiana,189,CCD Traffic Engineering,PTZ,2,,,
411,Traffic camera,2014-12-08 00:00:00,"Accepted, in service",Northfield and Uinta,128,CCD Traffic Engineering,PTZ,2,,,
412,Signal Reconstruction (MIL) PTZ,2014-12-08 00:00:00,"Accepted, in service",38th and Irving,268,Signal Reconstruction,PTZ,2,,,
413,Signal Reconstruction (MIL) PTZ,2014-12-08 00:00:00,"Accepted, in service",38th and Perry,267,Signal Reconstruction,PTZ,2,,,
414,Signal Reconstruction (MIL) PTZ,2014-12-08 00:00:00,"Accepted, in service",38th and Zuni,266,Signal Reconstruction,PTZ,2,,,
415,HALO PTZ,2014-12-08 00:00:00,"Accepted, in service",16th and Champa,316,HALO,PTZ,2,,,
416,Signal Reconstruction (MIL) PTZ,2014-12-08 00:00:00,"Accepted, in service",18th and Franklin,298,Signal Reconstruction,PTZ,2,,,
417,Proposed PTZ,2014-12-08 00:00:00,"Accepted, in service",Federal and Dartmouth,175,Proposed,PTZ,2,,,
418,Traffic camera,2014-12-08 00:00:00,"Accepted, in service",17th and Chestnut,311,CCD Traffic Engineering,PTZ,2,,,
419,Traffic camera,2014-12-08 00:00:00,"Accepted, in service",Colorado and Montview,191,CCD Traffic Engineering,PTZ,2,,,
420,Signal Reconstruction (MIL) PTZ,2014-12-08 00:00:00,"Accepted, in service",8500 E Lowry,369,Signal Reconstruction,PTZ,2,,,
421,Traffic camera,2014-12-08 00:00:00,"Accepted, in service",Sheridan and Yale ,102,CCD Traffic Engineering,PTZ,2,,,
422,Traffic camera,2014-12-08 00:00:00,"Accepted, in service",15th and Wewatta,320,CCD Traffic Engineering,PTZ,2,,,
424,Signal Reconstruction (MIL) PTZ,2014-12-08 00:00:00,"Accepted, in service",Park Avenue West and Tremont ,126,Signal Reconstruction,PTZ,2,,,
425,Signal Reconstruction (MIL) PTZ,2014-12-08 00:00:00,"Accepted, in service",Park and 18th/Ogden,127,Signal Reconstruction,PTZ,2,,,
426,Signal Reconstruction (MIL) PTZ,2014-12-08 00:00:00,"Accepted, in service",17th and Steele,305,Signal Reconstruction,PTZ,2,,,
427,HALO PTZ,2014-12-08 00:00:00,"Accepted, in service",Colfax and Downing,224,HALO,PTZ,2,,,
313,Traffic camera,2012-01-09 00:00:00,"Accepted, in service",I-70 and Peoria S,145,CCD Traffic Engineering,PTZ,0,FALSE,SE Corner,
314,Traffic camera,2012-01-09 00:00:00,"Accepted, in service",Ulster and Tufts,366,CCD Traffic Engineering,PTZ,0,FALSE,SE Corner,
316,Traffic camera,2012-01-09 00:00:00,"Accepted, in service",Speer and 11th,099,CCD Traffic Engineering,PTZ,0,FALSE,NB NE Corner,
317,Traffic camera,2012-01-09 00:00:00,"Accepted, in service",Leetsdale and Quebec,114,CCD Traffic Engineering,PTZ,0,FALSE,SE Corner,
318,Traffic camera,2012-01-09 00:00:00,"Accepted, in service",Park Avenue West and Washington/20th,124,CCD Traffic Engineering,PTZ,0,FALSE,SE Corner,
319,Traffic camera,2012-01-09 00:00:00,"Accepted, in service",Federal and Dick Connor/17th,174,CCD Traffic Engineering,PTZ,0,FALSE,NE Corner,
320,Traffic camera,2012-01-09 00:00:00,"Accepted, in service",26th and Federal,181,CCD Traffic Engineering,PTZ,0,FALSE,SE Corner,
321,Traffic camera,2012-01-09 00:00:00,"Accepted, in service",DTC and Tufts,365,CCD Traffic Engineering,PTZ,0,FALSE,SW Corner,
322,Traffic camera,2012-01-09 00:00:00,"Accepted, in service",Colfax and Kalamath,216,CCD Traffic Engineering,PTZ,0,FALSE,NW Corner,
323,Traffic camera,2012-01-09 00:00:00,"Accepted, in service",17th and Welton,303,CCD Traffic Engineering,PTZ,0,TRUE,NW Corner,17THWELT
324,Traffic camera,2012-01-09 00:00:00,"Accepted, in service",20th and Lincoln,,CCD Traffic Engineering,PTZ,0,FALSE,,
325,Traffic camera,2012-01-09 00:00:00,"Accepted, in service","6th and Colorado
Colorado and 6th",202,CCD Traffic Engineering,PTZ,0,FALSE,,
326,Traffic camera,2012-01-09 00:00:00,"Accepted, in service",Colorado and Yale N I/S,190,CCD Traffic Engineering,PTZ,0,FALSE,,
327,Traffic camera,2012-01-09 00:00:00,"Accepted, in service",32nd and Sheridan,107,CCD Traffic Engineering,PTZ,0,FALSE,,
328,Traffic camera,2012-01-09 00:00:00,"Accepted, in service",35th and Federal,180,CCD Traffic Engineering,PTZ,0,FALSE,,
329,Traffic camera,2012-01-09 00:00:00,"Accepted, in service",University and Exposition/Bonnie Brae,085,CCD Traffic Engineering,PTZ,0,FALSE,,
330,Traffic camera,2012-01-09 00:00:00,"Accepted, in service",Lower Colfax and Platte River W (BN Railroad Crossing),213,CCD Traffic Engineering,PTZ,0,FALSE,,
331,Traffic camera,2012-01-09 00:00:00,"Accepted, in service",19th and Logan,291,CCD Traffic Engineering,PTZ,0,FALSE,,
332,Traffic camera,2012-01-09 00:00:00,"Accepted, in service",16th and Arapahoe,319,CCD Traffic Engineering,PTZ,0,FALSE,SE Corner,
333,Traffic camera,2012-01-09 00:00:00,"Accepted, in service",40th and Colorado,199,CCD Traffic Engineering,PTZ,0,FALSE,SW Corner,
334,Traffic camera,2012-01-09 00:00:00,"Accepted, in service",Colfax and Quebec ,208,CCD Traffic Engineering,PTZ,0,TRUE,SE Corner,COLFQUEB
335,Traffic camera,2012-01-09 00:00:00,"Accepted, in service",Colfax and Grant,222,CCD Traffic Engineering,PTZ,0,FALSE,SE Corner,
336,AUTOSCOPE,2012-01-09 00:00:00,"Accepted, in service",Chambers and Gateway Ave/GVR (48th),1,CCD Traffic Engineering,Fixed,0,,,
337,AUTOSCOPE,2012-01-09 00:00:00,"Accepted, in service",Leetsdale and Alameda,2,CCD Traffic Engineering,Fixed,0,,,
338,AUTOSCOPE,2012-01-09 00:00:00,"Accepted, in service",Colorado / Alameda,3,CCD Traffic Engineering,Fixed,0,,,
339,AUTOSCOPE,2012-01-09 00:00:00,"Accepted, in service",Alameda and Federal,4,CCD Traffic Engineering,Fixed,0,,,
340,AUTOSCOPE,2012-01-09 00:00:00,"Accepted, in service",7th and Auraria (A side),5,CCD Traffic Engineering,Fixed,0,,,
341,AUTOSCOPE,2012-01-09 00:00:00,"Accepted, in service",9th and Auraria,6,CCD Traffic Engineering,Fixed,0,,,
342,AUTOSCOPE,2012-01-09 00:00:00,"Accepted, in service",20th and Blake,7,CCD Traffic Engineering,Fixed,0,,,
343,AUTOSCOPE,2012-01-09 00:00:00,"Accepted, in service",Broadway and Kentucky,8,CCD Traffic Engineering,Fixed,0,,,
344,AUTOSCOPE,2012-01-09 00:00:00,"Accepted, in service",I-25 and Franklin/Buchtel,9,CCD Traffic Engineering,Fixed,0,,,
346,AUTOSCOPE,2012-01-09 00:00:00,"Accepted, in service",Colfax and I-25,11,CCD Traffic Engineering,Fixed,0,,,
347,AUTOSCOPE,2012-01-09 00:00:00,"Accepted, in service",Quebec and Colfax,12,CCD Traffic Engineering,Fixed,0,,,
348,AUTOSCOPE,2012-01-09 00:00:00,"Accepted, in service",Colfax and Sheridan,13,CCD Traffic Engineering,Fixed,0,,,
349,AUTOSCOPE,2012-01-09 00:00:00,"Accepted, in service",Colorado and 9th,14,CCD Traffic Engineering,Fixed,0,,,
350,AUTOSCOPE,2012-01-09 00:00:00,"Accepted, in service",Colorado and 23rd,15,CCD Traffic Engineering,Fixed,0,,,
351,AUTOSCOPE,2012-01-09 00:00:00,"Accepted, in service",Colorado and Evans,16,CCD Traffic Engineering,Fixed,0,,,
352,AUTOSCOPE,2012-01-09 00:00:00,"Accepted, in service",Hampden and Colorado,17,CCD Traffic Engineering,Fixed,0,,,
353,AUTOSCOPE,2012-01-09 00:00:00,"Accepted, in service",I-25 and Evans,18,CCD Traffic Engineering,Fixed,0,,,
354,AUTOSCOPE,2012-01-09 00:00:00,"Accepted, in service",Federal and 8th,19,CCD Traffic Engineering,Fixed,0,,,
355,AUTOSCOPE,2012-01-09 00:00:00,"Accepted, in service",Federal and Florida,20,CCD Traffic Engineering,Fixed,0,,,
356,AUTOSCOPE,2012-01-09 00:00:00,"Accepted, in service",I-70 and Federal,21,CCD Traffic Engineering,Fixed,0,,,
357,AUTOSCOPE,2012-01-09 00:00:00,"Accepted, in service",I-70 and Federal,22,CCD Traffic Engineering,Fixed,0,,,
358,AUTOSCOPE,2012-01-09 00:00:00,"Accepted, in service",Federal and Louisiana,23,CCD Traffic Engineering,Fixed,0,,,
522,Traffic camera,2013-01-01 00:00:00,"Accepted, in service",Yosemite and Jefferson,431,CCD Traffic Engineering,PTZ,2,,,
523,Traffic camera,2013-01-01 00:00:00,"Accepted, in service",Federal and Jewell,432,CCD Traffic Engineering,PTZ,2,,,
524,Traffic camera,2013-01-01 00:00:00,"Accepted, in service",Yale and Lowell,433,CCD Traffic Engineering,PTZ,2,,,
525,Traffic camera,2013-01-01 00:00:00,"Accepted, in service",Sheridan and Dartmouth,434,CCD Traffic Engineering,PTZ,2,,,
526,Traffic camera,2013-01-01 00:00:00,"Accepted, in service",40th and Clayton,435,CCD Traffic Engineering,PTZ,2,,,
527,Traffic camera,2013-01-01 00:00:00,"Accepted, in service",38th and Pecos,436,CCD Traffic Engineering,PTZ,2,,,
528,Traffic camera,2013-01-01 00:00:00,"Accepted, in service",Havana and MLK,437,CCD Traffic Engineering,PTZ,2,,,
530,Traffic camera,2013-01-01 00:00:00,"Accepted, in service",40th and Chambers,438,CCD Traffic Engineering,PTZ,2,,,
530,Traffic camera,2013-01-01 00:00:00,"Accepted, in service",Sheridan and 25th ,439,CCD Traffic Engineering,PTZ,2,,,
532,Traffic camera,2013-01-01 00:00:00,"Accepted, in service",Jewell and Lowell ,440,CCD Traffic Engineering,PTZ,2,,,
534,OTHER,2013-01-01 00:00:00,"Accepted, in service",Colfax and Krameria,29,CCD Traffic Engineering,PTZ,2,,,
535,Traffic camera,2013-01-01 00:00:00,"Accepted, in service",14th and Krameria,441,CCD Traffic Engineering,PTZ,2,,,
536,Traffic camera,2013-01-01 00:00:00,"Accepted, in service",Colfax and Elm,442,CCD Traffic Engineering,PTZ,2,,,
537,Traffic camera,2013-01-01 00:00:00,"Accepted, in service",Holly and Smith Rd,370,CCD Traffic Engineering,PTZ,2,,,
538,Traffic camera,2013-01-01 00:00:00,"Accepted, in service",Hampden and Florence,443,CCD Traffic Engineering,PTZ,2,,,
539,Traffic camera,2013-01-01 00:00:00,"Accepted, in service",Yale and Raleigh,444,CCD Traffic Engineering,PTZ,2,,,
540,Traffic camera,2013-01-01 00:00:00,"Accepted, in service",Yale and Knox,445,CCD Traffic Engineering,PTZ,2,,,
541,Traffic camera,2013-01-01 00:00:00,"Accepted, in service",Jewell and Irving ,446,CCD Traffic Engineering,PTZ,2,,,
542,Traffic camera,2013-01-01 00:00:00,"Accepted, in service",Jewell and Tennyson ,447,CCD Traffic Engineering,PTZ,2,,,
543,Traffic camera,2014-12-08 00:00:00,"Accepted, in service",I-225 and Tamarac N,459,CCD Traffic Engineering,PTZ,2,,,
544,Traffic camera,2014-12-08 00:00:00,"Accepted, in service",I-225 and Tamarac S,460,CCD Traffic Engineering,PTZ,2,,,
545,Traffic camera,2013-01-01 00:00:00,"Accepted, in service",Colfax and Williams,448,CCD Traffic Engineering,PTZ,2,,,
546,Traffic camera,2013-01-01 00:00:00,"Accepted, in service",Monaco and Smith,449,CCD Traffic Engineering,PTZ,2,,,
547,OTHER,2013-01-01 00:00:00,"Accepted, in service",Federal and 6th N,356,CCD Traffic Engineering,PTZ,2,,,
548,Traffic camera,2014-12-08 00:00:00,"Accepted, in service",Sheridan and 17th ,471,CCD Traffic Engineering,PTZ,2,,,
549,Traffic camera,2014-12-08 00:00:00,"Accepted, in service",Evans and Tennyson,472,CCD Traffic Engineering,PTZ,2,,,
550,Traffic camera,2014-01-01 00:00:00,"Accepted, in service",Federal and 6th S,473,CCD Traffic Engineering,PTZ,2,,,
455,Traffic camera,2014-12-08 00:00:00,"Accepted, in service",Colfax and 9th,377,CCD Traffic Engineering,PTZ,2,,,
456,Traffic camera,2014-12-08 00:00:00,"Accepted, in service",Mississippi and South Platte River Dr,467,CCD Traffic Engineering,PTZ,2,,,
457,Traffic camera,2014-12-08 00:00:00,"Accepted, in service",University and Dartmouth,470,CCD Traffic Engineering,PTZ,2,,,
460,Traffic camera,2014-12-08 00:00:00,"Accepted, in service",Alameda and Perry,375,CCD Traffic Engineering,PTZ,2,,,
461,Traffic camera,2012-01-01 00:00:00,"Accepted, in service",Monaco and Cherry Creek,385,CCD Traffic Engineering,PTZ,2,,,
464,Traffic camera,2012-01-01 00:00:00,"Accepted, in service",48th (GVR) and Pena E I/S,386,CCD Traffic Engineering,PTZ,2,,,
467,Traffic camera,2012-01-01 00:00:00,"Accepted, in service",36th and CPB,388,CCD Traffic Engineering,PTZ,2,,,
467,Traffic camera,2014-12-08 00:00:00,"Accepted, in service",I-25 and Yale E ,387,CCD Traffic Engineering,PTZ,2,,,
468,Traffic camera,2014-12-08 00:00:00,"Accepted, in service",I-25 and Hampden E,398,CCD Traffic Engineering,PTZ,2,,,
469,Traffic camera,2012-01-01 00:00:00,"Accepted, in service",56th and Dallas,392,CCD Traffic Engineering,PTZ,2,,,
470,Traffic camera,2012-01-01 00:00:00,"Accepted, in service",I-25 and Wash/Buch/Ariz ,389,CCD Traffic Engineering,PTZ,2,,,
471,Traffic camera,2012-01-01 00:00:00,"Accepted, in service",I-25 and Colorado N,390,RITZ,PTZ,2,,,
472,Traffic camera,2012-01-01 00:00:00,"Accepted, in service",I-25 and Emerson and Buchtel and Louisiana,391,CCD Traffic Engineering,PTZ,2,,,
473,Traffic camera,2012-01-01 00:00:00,"Accepted, in service",I-25 and Logan/Mississippi/Buchtel,394,CCD Traffic Engineering,PTZ,2,,,
474,Traffic camera,2012-01-01 00:00:00,"Accepted, in service",I-25 and 20th St,395,CCD Traffic Engineering,PTZ,2,,,
475,Traffic camera,2012-01-01 00:00:00,"Accepted, in service",I-25 and Downing and Buchtel,396,CCD Traffic Engineering,PTZ,2,,,
476,Traffic camera,2012-01-01 00:00:00,"Accepted, in service",I-25 and High/Buchtel ,399,CCD Traffic Engineering,PTZ,2,,,
477,Traffic camera,2012-01-01 00:00:00,"Accepted, in service",I-25 and Franklin/Buchtel,397,CCD Traffic Engineering,PTZ,2,,,
478,Traffic camera,2012-01-01 00:00:00,"Accepted, in service",I-25 and 23rd,400,CCD Traffic Engineering,PTZ,2,,,
479,Traffic camera,2012-01-01 00:00:00,"Accepted, in service",17th and Park Avenue West,401,CCD Traffic Engineering,PTZ,2,,,
480,Traffic camera,2012-01-01 00:00:00,"Accepted, in service",I-25 and 6th Ave,402,CCD Traffic Engineering,PTZ,2,,,
481,Traffic camera,2012-01-01 00:00:00,"Accepted, in service",Spear Bridge and Platte,373,CCD Traffic Engineering,PTZ,2,,,
482,Traffic camera,2012-01-01 00:00:00,"Accepted, in service",I-25 and Alameda W,380,CCD Traffic Engineering,PTZ,2,,,
483,Traffic camera,2012-01-01 00:00:00,"Accepted, in service",Yale and Holly ,393,CCD Traffic Engineering,PTZ,2,,,
484,Traffic camera,2013-01-01 00:00:00,"Accepted, in service",Speer and Washington,413,CCD Traffic Engineering,PTZ,2,,,
485,Traffic camera,2013-01-01 00:00:00,"Accepted, in service",26th and Lowell,403,CCD Traffic Engineering,PTZ,2,,,
486,Traffic camera,2013-01-01 00:00:00,"Accepted, in service",Federal and Howard,404,CCD Traffic Engineering,PTZ,2,,,
488,Traffic camera,2013-01-01 00:00:00,"Accepted, in service",6th and York,405,CCD Traffic Engineering,PTZ,2,,,
489,Traffic camera,2013-01-01 00:00:00,"Accepted, in service",Quebec and Cherry Creek South,406,CCD Traffic Engineering,PTZ,2,,,
490,Traffic camera,2013-01-01 00:00:00,"Accepted, in service",53rd and Chambers,407,CCD Traffic Engineering,PTZ,2,,,
492,RITZ PTZ,2014-12-08 00:00:00,"Accepted, in service",6th and Sheridan N,81,RITZ,PTZ,2,,,
493,Signal Reconstruction (MIL) PTZ,2014-12-08 00:00:00,"Accepted, in service",University and 4th,75,Signal Reconstruction,PTZ,2,,,
496,Traffic camera,2013-01-01 00:00:00,"Accepted, in service",Sheridan and Florida,408,CCD Traffic Engineering,PTZ,2,,,
497,Traffic camera,2013-01-01 00:00:00,"Accepted, in service",Sheridan and 1st,409,CCD Traffic Engineering,PTZ,2,,,
498,Traffic camera,2013-01-01 00:00:00,"Accepted, in service",Sheridan and 44th,410,CCD Traffic Engineering,PTZ,2,,,
500,Traffic camera,2012-01-01 00:00:00,"Accepted, in service",CPB and MLK,067,CCD Traffic Engineering,PTZ,2,,,
501,Signal Reconstruction (MIL) PTZ,2014-12-08 00:00:00,"Accepted, in service",Colorado and 9th,77,Signal Reconstruction,PTZ,2,,,
502,Traffic camera,2013-01-01 00:00:00,"Accepted, in service",Colfax and Bannock,414,CCD Traffic Engineering,PTZ,2,,,
503,Traffic camera,2013-01-01 00:00:00,"Accepted, in service",I-70 and Pecos ,412,CCD Traffic Engineering,PTZ,2,,,
504,Traffic camera,2013-01-01 00:00:00,"Accepted, in service",14th and California,416,CCD Traffic Engineering,PTZ,2,,,
505,Traffic camera,2013-01-01 00:00:00,"Accepted, in service",17th and Stout,417,CCD Traffic Engineering,PTZ,2,,,
506,Traffic camera,2013-01-01 00:00:00,"Accepted, in service",17th and California,418,CCD Traffic Engineering,PTZ,2,,,
507,Traffic camera,2013-01-01 00:00:00,"Accepted, in service",19th and California,419,CCD Traffic Engineering,PTZ,2,,,
508,Traffic camera,2013-01-01 00:00:00,"Accepted, in service",15th and California,420,CCD Traffic Engineering,PTZ,2,,,
509,Traffic camera,2013-01-01 00:00:00,"Accepted, in service",I-225 and Yosemite N,421,CCD Traffic Engineering,PTZ,2,,,
510,Traffic camera,2013-01-01 00:00:00,"Accepted, in service",I-225 and Yosemite S,422,CCD Traffic Engineering,PTZ,2,,,
512,Traffic camera,2014-12-08 00:00:00,"Accepted, in service",Yosemite and Campus Dr ,423,CCD Traffic Engineering,PTZ,2,,,
513,Traffic camera,2014-12-08 00:00:00,"Accepted, in service",Yosemite and Chenango,425,CCD Traffic Engineering,PTZ,2,,,
514,Traffic camera,2014-12-08 00:00:00,"Accepted, in service",Federal and 29th,424,CCD Traffic Engineering,PTZ,2,,,
516,Traffic camera,2013-01-01 00:00:00,"Accepted, in service",Speer and 29th,426,CCD Traffic Engineering,PTZ,2,,,
517,Traffic camera,2013-01-01 00:00:00,"Accepted, in service",11th and Syracuse,427,CCD Traffic Engineering,PTZ,2,,,
518,Traffic camera,2013-01-01 00:00:00,"Accepted, in service",11th and Uinta,428,CCD Traffic Engineering,PTZ,2,,,
519,Traffic camera,2013-01-01 00:00:00,"Accepted, in service",Quebec and 11th,429,CCD Traffic Engineering,PTZ,2,,,
520,Traffic camera,2014-12-08 00:00:00,"Accepted, in service",Alameda and Fairmount,430,CCD Traffic Engineering,PTZ,2,,,
581,Traffic camera,2014-01-01 00:00:00,"Accepted, in service",Leetsdale and Oneida,504,CCD Traffic Engineering,PTZ,2,,,
582,Traffic camera,2014-01-01 00:00:00,"Accepted, in service",37th and Peoria (Peoria Rail Bridge),505,CCD Traffic Engineering,PTZ,2,,,
583,Traffic camera,2014-01-01 00:00:00,"Accepted, in service",7th and Logan,498,CCD Traffic Engineering,PTZ,2,,,
584,Traffic camera,2014-01-01 00:00:00,"Accepted, in service",I-25 and University N ,506,CCD Traffic Engineering,PTZ,2,,,
585,Traffic camera,2014-01-01 00:00:00,"Accepted, in service",15th and Delgany,507,CCD Traffic Engineering,PTZ,2,,,
586,RITZ PTZ,2014-12-08 00:00:00,"Accepted, in service",1st and Colorado,364,RITZ,PTZ,2,,,
588,Traffic camera,2014-12-08 00:00:00,"Accepted, in service",15th and Platte,452,CCD Traffic Engineering,PTZ,2,,,
589,Traffic camera,2014-12-08 00:00:00,"Accepted, in service",I-25 and Speer ,,CCD Traffic Engineering,PTZ,2,,,
590,Proposed PTZ,2014-12-08 00:00:00,"Accepted, in service",Colfax and Josephine,217,Proposed,PTZ,2,,,
591,Traffic camera,2014-12-08 00:00:00,"Accepted, in service",Downing and Alameda,253,CCD Traffic Engineering,PTZ,2,,,
638,TRAFFICCAM,2016-07-06 00:00:00,IN USE,Colfax and Cherry,550,PWTES,PTZ,2,,NW Corner,Colfax and Cherry
515,Traffic camera,2013-01-01 00:00:00,"Accepted, in service",16th and Wewatta,371,CCD Traffic Engineering,PTZ,2,,,
22,DACS,2012-01-09 00:00:00,"Accepted, in service",Wewatta and 16th,85,CCD Traffic Engineering,Fixed,0,,Stop Bar Cameras,
639,TRAFFICCAM,2016-07-11 00:00:00,IN USE,Colfax and Elizabeth,551,PWTES,PTZ,2,,SW Corner,Colfax and Elizabeth
637,TRAFFICCAM,2016-06-26 00:00:00,IN USE,Tower and 61st Ave,549,PWTES,PTZ,2,,,Tower and 61st Ave
376,AUTOSCOPE,2012-01-09 00:00:00,"Accepted, in service",Wewatta and 16th,41,CCD Traffic Engineering,Fixed,0,,,
641,TRAFFICCAM,2016-07-14 00:00:00,IN USE,Mississippi and Dayton,553,PWTES,PTZ,2,,SW Corner,Mississippi and Dayton
640,TRAFFICCAM,2016-07-14 00:00:00,IN USE,Mississippi and Valentia,552,PWTES,PTZ,2,,NW Corner,Mississippi and Valentia
661,TRAFFICCAM,2016-11-10 00:00:00,IN USE,I-25 and Santa Fe,573,PWTES,PTZ,2,,SW Corner,I-25 and Santa Fe Dr
659,TRAFFICCAM,2016-10-20 00:00:00,IN USE,14th and Galapago,571,PWTES,PTZ,2,,SE Corner,W 14th Ave and N Galapago St
656,TRAFFICCAM,2016-09-29 00:00:00,IN USE,35th and Quebec,568,PWTES,PTZ,2,,NW Corner,E 35th Ave and Quebec St
657,TRAFFICCAM,2016-10-18 00:00:00,IN USE,Cherry and Mississippi,569,PWTES,PTZ,2,,NE Corner,S Cherry St and E Mississippi Ave
658,TRAFFICCAM,2016-10-20 00:00:00,IN USE,36thW and Quebec,570,PWTES,PTZ,2,,SE Corner,E 36th Ave and N Quebec St
660,TRAFFICCAM,2016-10-20 00:00:00,IN USE,CPB and Prarie Meadow,572,PWTES,PTZ,2,,NE Corner,N Central Park Blvd and E Prarie Meadow Dr
655,TRAFFICCAM,2016-09-27 00:00:00,IN USE,Cherry Creek and Cherry,567,PWTES,PTZ,2,,SE Corner,Cherry Creek South Dr and Cherry St
93,DACS,2012-01-09 00:00:00,"Accepted, in service",Cherry Creek and Cherry,12,CCD Traffic Engineering,Fixed,0,,Stop Bar Cameras,
345,AUTOSCOPE,2012-01-09 00:00:00,"Accepted, in service",Cherry Creek and Cherry,10,CCD Traffic Engineering,Fixed,0,,,
649,TRAFFICCAM,2016-09-13 00:00:00,IN USE,I-70 and Quebec,561,PWTES,PTZ,2,,,I-70 and Quebec St
650,TRAFFICCAM,2016-09-15 00:00:00,IN USE,19th and Chestnut,562,PWTES,PTZ,2,,S Corner,19th St and Chestnut Pl
662,TRAFFICCAM,2017-01-24 00:00:00,IN USE,Auraria Pkwy and 11th St,574,PWTES,PTZ,2,,W corner,Auraria Pkwy and 11th St
663,TRAFFICCAM,2017-02-13 00:00:00,IN USE,Lowry and Quebec,575,PWTES,PTZ,2,,SW Corner,E Lowry Blvd and S Quebec St
664,TRAFFICCAM,2017-03-10 00:00:00,IN USE,Tower and 43rd,576,PWTES,PTZ,2,,SW Corner,N Tower Rd and E 43rd Ave
667,TRAFFICCAM,2017-04-24 00:00:00,IN USE,Evans & Zuni,579,PWTES,PTZ,2,,,W Evans Ave and S Zuni St
665,TRAFFICCAM,2017-04-24 00:00:00,IN USE,Broadway & Mississippi,577,PWTES,PTZ,2,,,S Broadway and E Mississippi Ave
666,TRAFFICCAM,2017-04-24 00:00:00,IN USE,MLK and Fulton,578,PWTES,PTZ,2,,,Martin Luther King Jr Boulevard and Fulton St
673,TRAFFICCAM,2017-08-31 00:00:00,IN USE,Colorado Blvd and 11th,,PWTES,,2,,,Colorado Blvd and 11th
674,TRAFFICCAM,2017-08-31 00:00:00,IN USE,I-70 and Steele,,PWTES,,2,,,I-70 and Steele
675,TRAFFICCAM,2017-08-31 00:00:00,IN USE,Colfax and Fillmore,,PWTES,,2,,,Colfax and Fillmore
672,TRAFFICCAM,2017-08-31 00:00:00,IN USE,Colfax and Steele,,PWTES,,2,,,Colfax and Steele
676,TRAFFICCAM,2017-08-31 00:00:00,IN USE,Colfax and Columbine,,PWTES,,2,,,Colfax and Columbine
680,TRAFFICCAM,2017-11-07 00:00:00,IN USE,Champa and 13th,,PWTES,,2,,,Champa and 13th
679,TRAFFICCAM,2017-11-07 00:00:00,IN USE,Alameda and CCDS,,PWTES,,2,,,Alameda and CCDS
681,TRAFFICCAM,2017-12-11 00:00:00,IN USE,Dunkirk and 56th,,PWTES,,2,,,Dunkirk and 56th
651,TRAFFICCAM,2016-09-15 00:00:00,IN USE,18th and Wewatta,563,PWTES,PTZ,2,,S Corner,18th St and Wewatta St
652,TRAFFICCAM,2016-09-19 00:00:00,IN USE,16th and Chestnut,564,PWTES,PTZ,2,,E Corner,16th St and Chestnut Pl
653,TRAFFICCAM,2016-09-22 00:00:00,IN USE,Alameda and Dahlia,565,PWTES,PTZ,2,,SE Corner,Alameda Ave and Dahlia St
654,TRAFFICCAM,2016-09-27 00:00:00,IN USE,Alameda and Clinton,566,PWTES,PTZ,2,,NW Corner,Alameda Ave and Clinton St
643,TRAFFICCAM,2016-08-04 00:00:00,IN USE,Broadway and Cedar,555,PWTES,PTZ,2,,NW Corner,Broadway and Cedar
644,TRAFFICCAM,2016-08-12 00:00:00,IN USE,Colfax and Garfield,556,PWTES,PTZ,2,,NE Corner,Colfax and Garfield
645,TRAFFICCAM,2016-08-16 00:00:00,IN USE,Colfax and Welton,557,PWTES,PTZ,2,,NW Corner,Colfax and Welton
646,TRAFFICCAM,2016-08-18 00:00:00,IN USE,Leetsdale and Cherry,558,PWTES,PTZ,2,,SE Corner,Leetsdale Dr and Cherry St
648,TRAFFICCAM,2016-08-25 00:00:00,IN USE,6th Ave and Knox,560,PWTES,PTZ,2,,NE Corner,6th Ave and Knox Ct
647,TRAFFICCAM,2016-08-22 00:00:00,IN USE,6th Ave and Bryant,559,PWTES,PTZ,2,,SE Corner,6th Ave and Bryant St
642,TRAFFICCAM,2016-07-22 00:00:00,IN USE,CPB and 40th Ave,554,PWTES,PTZ,2,,NE Corner,Central Park Blvd and 40th Ave
233,Traffic camera,2012-01-09 00:00:00,"Accepted, in service",Colfax and Adams,229,CCD Traffic Engineering,PTZ,0,FALSE,SE Corner,
633,TRAFFICCAM,2016-05-19 00:00:00,IN USE,Colfax and Uinta,545,PWTES,PTZ,2,,SE Corner,Colfax and Uinta
632,TRAFFICCAM,2016-05-19 00:00:00,IN USE,Colfax and Oneida,544,PWTES,PTZ,2,,SE Corner,Colfax and Oneida
634,TRAFFICCAM,2016-05-23 00:00:00,IN USE,Colfax and Glenco,546,PWTES,PTZ,2,,NW Corner,Colfax and Glencoe
631,TRAFFICCAM,2016-05-12 00:00:00,IN USE,Colfax and Syracuse,543,PWTES,PTZ,2,,SE Corner,Colfax and Syracuse
635,TRAFFICCAM,2016-04-27 00:00:00,IN USE,Hooker and Irving and 1st,547,PWTES,PTZ,2,,Midblock between Hooker and Irving on 1st,Hooker and Irving on 1st
636,TRAFFICCAM,2016-06-09 00:00:00,IN USE,Broadway and 16th Ave,548,PWTES,PTZ,2,,SE Corner,Broadway and 16th Ave
670,TRAFFICCAM,2017-06-21 00:00:00,IN USE,Santa Fe and 8th,,PWTES,,2,,,Santa Fe and 8th
668,TRAFFICCAM,2017-06-21 00:00:00,IN USE,Larimer and 21st,,PWTES,,2,,,Larimer and 21st
669,TRAFFICCAM,2017-06-21 00:00:00,IN USE,Bayaud and Downing,,PWTES,,2,,,Bayaud and Downing
671,TRAFFICCAM,2017-07-13 00:00:00,IN USE,Santa Fe and 6th,,PWTES,,2,,,Santa Fe and 6th
677,TRAFFICCAM,2017-10-04 00:00:00,IN USE,Morrison and Raleigh,,PWTES,,2,,,Morrison and Raleigh
678,TRAFFICCAM,2017-10-13 00:00:00,IN USE,Lawrence and 22nd,,PWTES,,2,,,Lawrence and 22nd
551,Traffic camera,2014-01-01 00:00:00,"Accepted, in service",6th and Sheridan S,474,CCD Traffic Engineering,PTZ,2,,,
552,Traffic camera,2014-01-01 00:00:00,"Accepted, in service",Wastewater Roof,475,CCD Traffic Engineering,PTZ,2,,,
553,Traffic camera,2014-01-01 00:00:00,"Accepted, in service",48th/49th Pecos MB,476,CCD Traffic Engineering,PTZ,2,,,
554,Traffic camera,2014-01-01 00:00:00,"Accepted, in service",46th/47th Pecos MB,477,CCD Traffic Engineering,PTZ,2,,,
555,Traffic camera,2014-01-01 00:00:00,"Accepted, in service",I-70 and Havana N,478,CCD Traffic Engineering,PTZ,2,,,
556,Traffic camera,2014-01-01 00:00:00,"Accepted, in service",I-70 and Peoria N ,479,CCD Traffic Engineering,PTZ,2,,,
557,Traffic camera,2014-01-01 00:00:00,"Accepted, in service",Evans and Platte W,480,CCD Traffic Engineering,PTZ,2,,,
558,Traffic camera,2014-01-01 00:00:00,"Accepted, in service",Florida and Tennyson,481,CCD Traffic Engineering,PTZ,2,,,
559,Traffic camera,2014-01-01 00:00:00,"Accepted, in service",I-70 and Colorado N,482,CCD Traffic Engineering,PTZ,2,,,
560,Traffic camera,2014-01-01 00:00:00,"Accepted, in service",I-25 and 15th/Central,483,CCD Traffic Engineering,PTZ,2,,,
563,Traffic camera,2014-01-01 00:00:00,"Accepted, in service",Sheridan and 29th,486,CCD Traffic Engineering,PTZ,2,,,
564,Traffic camera,2014-01-01 00:00:00,"Accepted, in service",Federal and 52nd ,487,CCD Traffic Engineering,PTZ,2,,,
565,Traffic camera,2014-01-01 00:00:00,"Accepted, in service",Federal and 46th ,488,CCD Traffic Engineering,PTZ,2,,,
566,Traffic camera,2014-01-01 00:00:00,"Accepted, in service",Federal and Louisiana,489,CCD Traffic Engineering,PTZ,2,,,
567,Traffic camera,2014-01-01 00:00:00,"Accepted, in service",Sheridan and 41st,490,CCD Traffic Engineering,PTZ,2,,,
568,Traffic camera,2014-01-01 00:00:00,"Accepted, in service",Quebec and Sand Creek,491,CCD Traffic Engineering,PTZ,2,,,
569,Traffic camera,2014-01-01 00:00:00,"Accepted, in service",Quebec and Smith Rd SB,492,CCD Traffic Engineering,PTZ,2,,,
570,Traffic camera,2014-01-01 00:00:00,"Accepted, in service",Quebec and Smith Rd NB,493,CCD Traffic Engineering,PTZ,2,,,
571,Traffic camera,2014-12-08 00:00:00,"Accepted, in service",Federal and 50th ,494,CCD Traffic Engineering,PTZ,2,,,
572,Traffic camera,2014-01-01 00:00:00,"Accepted, in service",Dahlia and Smith Rd,495,CCD Traffic Engineering,PTZ,2,,,
573,Traffic camera,2014-01-01 00:00:00,"Accepted, in service",Monaco and Iliff,496,CCD Traffic Engineering,PTZ,2,,,
575,Traffic camera,2014-01-01 00:00:00,"Accepted, in service",Sheridan and Evans,498,CCD Traffic Engineering,PTZ,2,,,
576,Traffic camera,2014-01-01 00:00:00,"Accepted, in service",Havana and Girard,499,CCD Traffic Engineering,PTZ,2,,,
577,Traffic camera,2014-01-01 00:00:00,"Accepted, in service",17th and Esplanade,500,CCD Traffic Engineering,PTZ,2,,,
578,Traffic camera,2014-01-01 00:00:00,"Accepted, in service",Havana and Smith Rd,501,CCD Traffic Engineering,PTZ,2,,,
579,Traffic camera,2014-01-01 00:00:00,"Accepted, in service",Evans and Oneida,502,CCD Traffic Engineering,PTZ,2,,,
580,Traffic camera,2014-01-01 00:00:00,"Accepted, in service",1st and Gilpin,503,CCD Traffic Engineering,PTZ,2,,,
